/*!40101 SET @OLD_CHARACTER_SET_CLIENT=@@CHARACTER_SET_CLIENT */;
/*!40101 SET NAMES utf8 */;
/*!50503 SET NAMES utf8mb4 */;
/*!40014 SET @OLD_FOREIGN_KEY_CHECKS=@@FOREIGN_KEY_CHECKS, FOREIGN_KEY_CHECKS=0 */;
/*!40101 SET @OLD_SQL_MODE=@@SQL_MODE, SQL_MODE='NO_AUTO_VALUE_ON_ZERO' */;

-- config
REPLACE INTO `system_config` (`id`, `configuration_key`, `configuration_value`, `sales_channel_id`, `created_at`, `updated_at`)
    VALUES ('UdgStoreFiApiUrl', 'UdgStorefinder.config.apiUrl', '{"_value": "https://maps.googleapis.com/maps/api/js?key="}', NULL, NOW(), NULL);
REPLACE INTO `system_config` (`id`, `configuration_key`, `configuration_value`, `sales_channel_id`, `created_at`, `updated_at`)
    VALUES ('UdgStoreFiApiKey', 'UdgStorefinder.config.apiKey', '{"_value": "AIzaSyD-LrK05kqYVxDnYmNWb53HkSI5t82j6Gg"}', NULL, NOW(), NULL);


-- add missing countries
DELETE FROM `country` WHERE `position` = 111;

/*!40000 ALTER TABLE `country` DISABLE KEYS */;
INSERT INTO `country` (`id`, `iso`, `position`, `tax_free`, `active`, `iso3`, `display_state_in_registration`, `force_state_in_registration`, `created_at`, `updated_at`, `shipping_available`) VALUES
	(_binary 0x1912B979BF8942BB8D83823AAC1F29F9, 'TH', 111, 0, 1, 'THA', 0, 0, '2020-03-06 10:15:36.785', NULL, 1),
	(_binary 0x2E9CD84288B44865AEB588C30F8EA550, 'UA', 111, 0, 1, 'UKR', 0, 0, '2020-03-06 10:15:36.791', NULL, 1),
	(_binary 0x3CD35E9E0FE041B29526CDD68D28B8FA, 'CL', 111, 0, 1, 'CHL', 0, 0, '2020-03-06 10:15:36.740', NULL, 1),
	(_binary 0x53546E07034B4F37A1A1E49D493E6B53, 'BG', 111, 0, 1, 'BGR', 0, 0, '2020-03-06 10:15:36.734', NULL, 1),
	(_binary 0x552351442E2A4BAF87757C9617EB260E, 'SG', 111, 0, 1, 'SGP', 0, 0, '2020-03-06 10:15:36.779', NULL, 1),
	(_binary 0x566A71836FA2470FADB6037AFD3B04DF, 'IN', 111, 0, 1, 'IND', 0, 0, '2020-03-06 10:15:36.749', NULL, 1),
	(_binary 0x6195CF2FD9CD45BEBDABB14E6E3E2B06, 'TW', 111, 0, 1, 'TWN', 0, 0, '2020-03-06 10:15:36.788', NULL, 1),
	(_binary 0x630B168151C94E0C9805CD1A001E891A, 'MY', 111, 0, 1, 'MYS', 0, 0, '2020-03-06 10:15:36.767', NULL, 1),
	(_binary 0x6811B4EBF2E24B628480481EF1A98BAE, 'HK', 111, 0, 1, 'HKG', 0, 0, '2020-03-06 10:15:36.743', NULL, 1),
	(_binary 0x8A38C03871A649C4914C652CA6E38D58, 'RS', 111, 0, 1, 'SRB', 0, 0, '2020-03-06 10:15:36.773', NULL, 1),
	(_binary 0x92A4F1D295224F69BA504F64C232E996, 'PH', 111, 0, 1, 'PHL', 0, 0, '2020-03-06 10:15:36.770', NULL, 1),
	(_binary 0x9FC3A231832744CCADA7608778EEBE16, 'RU', 111, 0, 1, 'RUS', 0, 0, '2020-03-06 10:15:36.776', NULL, 1),
	(_binary 0xB75CC65EDE524A0A817468E9A9BCB589, 'VN', 111, 0, 1, 'VNM', 0, 0, '2020-03-06 10:15:36.794', NULL, 1),
	(_binary 0xC7F479A4BE0248358FD8187762C12F77, 'LK', 111, 0, 1, 'LKA', 0, 0, '2020-03-06 10:15:36.758', NULL, 1),
	(_binary 0xCF7C4150E3F64FE7BE95DFFC495D89A1, 'CN', 111, 0, 1, 'CHN', 0, 0, '2020-03-06 10:15:36.737', NULL, 1),
	(_binary 0xD3E618B1D85E4F9A87CEE876239D066A, 'MN', 111, 0, 1, 'MNG', 0, 0, '2020-03-06 10:15:36.761', NULL, 1),
	(_binary 0xD8C1B5E02F0749E8A0397365DD778748, 'ID', 111, 0, 1, 'IDN', 0, 0, '2020-03-06 10:15:36.746', NULL, 1),
	(_binary 0xDFEF3EDF45E34AF29411BB46FCB0FD3B, 'KR', 111, 0, 1, 'KOR', 0, 0, '2020-03-06 10:15:36.752', NULL, 1),
	(_binary 0xF3398FC8D7A4434AB490F1DBD1699287, 'MO', 111, 0, 1, 'MAC', 0, 0, '2020-03-06 10:15:36.764', NULL, 1),
	(_binary 0xF440564DB15943DAA24B5423674895A3, 'LB', 111, 0, 1, 'LBN', 0, 0, '2020-03-06 10:15:36.755', NULL, 1),
	(_binary 0xF7860B2C79924CE9B0541E18ED8C385B, 'SI', 111, 0, 1, 'SVN', 0, 0, '2020-03-06 10:15:36.782', NULL, 1);
/*!40000 ALTER TABLE `country` ENABLE KEYS */;

/*!40000 ALTER TABLE `country_translation` DISABLE KEYS */;
INSERT INTO `country_translation` (`country_id`, `language_id`, `name`, `custom_fields`, `created_at`, `updated_at`) VALUES
	(_binary 0x1912B979BF8942BB8D83823AAC1F29F9, (SELECT `id` FROM `language` WHERE `locale_id` IN (SELECT `id` FROM `locale` WHERE code = 'en-GB')), 'Thailand', NULL, '2020-03-06 10:15:36.783', NULL),
	(_binary 0x1912B979BF8942BB8D83823AAC1F29F9, (SELECT `id` FROM `language` WHERE `locale_id` IN (SELECT `id` FROM `locale` WHERE code = 'de-DE')), 'Thailand', NULL, '2020-03-06 10:15:36.784', NULL),
	(_binary 0x2E9CD84288B44865AEB588C30F8EA550, (SELECT `id` FROM `language` WHERE `locale_id` IN (SELECT `id` FROM `locale` WHERE code = 'en-GB')), 'Ukraine', NULL, '2020-03-06 10:15:36.789', NULL),
	(_binary 0x2E9CD84288B44865AEB588C30F8EA550, (SELECT `id` FROM `language` WHERE `locale_id` IN (SELECT `id` FROM `locale` WHERE code = 'de-DE')), 'Ukraine', NULL, '2020-03-06 10:15:36.790', NULL),
	(_binary 0x3CD35E9E0FE041B29526CDD68D28B8FA, (SELECT `id` FROM `language` WHERE `locale_id` IN (SELECT `id` FROM `locale` WHERE code = 'en-GB')), 'Chile', NULL, '2020-03-06 10:15:36.738', NULL),
	(_binary 0x3CD35E9E0FE041B29526CDD68D28B8FA, (SELECT `id` FROM `language` WHERE `locale_id` IN (SELECT `id` FROM `locale` WHERE code = 'de-DE')), 'Chile', NULL, '2020-03-06 10:15:36.739', NULL),
	(_binary 0x53546E07034B4F37A1A1E49D493E6B53, (SELECT `id` FROM `language` WHERE `locale_id` IN (SELECT `id` FROM `locale` WHERE code = 'en-GB')), 'Bulgaria', NULL, '2020-03-06 10:15:36.732', NULL),
	(_binary 0x53546E07034B4F37A1A1E49D493E6B53, (SELECT `id` FROM `language` WHERE `locale_id` IN (SELECT `id` FROM `locale` WHERE code = 'de-DE')), 'Bulgarien', NULL, '2020-03-06 10:15:36.733', NULL),
	(_binary 0x552351442E2A4BAF87757C9617EB260E, (SELECT `id` FROM `language` WHERE `locale_id` IN (SELECT `id` FROM `locale` WHERE code = 'en-GB')), 'Singapore', NULL, '2020-03-06 10:15:36.777', NULL),
	(_binary 0x552351442E2A4BAF87757C9617EB260E, (SELECT `id` FROM `language` WHERE `locale_id` IN (SELECT `id` FROM `locale` WHERE code = 'de-DE')), 'Singapur', NULL, '2020-03-06 10:15:36.778', NULL),
	(_binary 0x566A71836FA2470FADB6037AFD3B04DF, (SELECT `id` FROM `language` WHERE `locale_id` IN (SELECT `id` FROM `locale` WHERE code = 'en-GB')), 'India', NULL, '2020-03-06 10:15:36.748', NULL),
	(_binary 0x566A71836FA2470FADB6037AFD3B04DF, (SELECT `id` FROM `language` WHERE `locale_id` IN (SELECT `id` FROM `locale` WHERE code = 'de-DE')), 'Indien', NULL, '2020-03-06 10:15:36.749', NULL),
	(_binary 0x6195CF2FD9CD45BEBDABB14E6E3E2B06, (SELECT `id` FROM `language` WHERE `locale_id` IN (SELECT `id` FROM `locale` WHERE code = 'en-GB')), 'Taiwan', NULL, '2020-03-06 10:15:36.786', NULL),
	(_binary 0x6195CF2FD9CD45BEBDABB14E6E3E2B06, (SELECT `id` FROM `language` WHERE `locale_id` IN (SELECT `id` FROM `locale` WHERE code = 'de-DE')), 'Taiwan', NULL, '2020-03-06 10:15:36.787', NULL),
	(_binary 0x630B168151C94E0C9805CD1A001E891A, (SELECT `id` FROM `language` WHERE `locale_id` IN (SELECT `id` FROM `locale` WHERE code = 'en-GB')), 'Malaysia', NULL, '2020-03-06 10:15:36.766', NULL),
	(_binary 0x630B168151C94E0C9805CD1A001E891A, (SELECT `id` FROM `language` WHERE `locale_id` IN (SELECT `id` FROM `locale` WHERE code = 'de-DE')), 'Malaysia', NULL, '2020-03-06 10:15:36.767', NULL),
	(_binary 0x6811B4EBF2E24B628480481EF1A98BAE, (SELECT `id` FROM `language` WHERE `locale_id` IN (SELECT `id` FROM `locale` WHERE code = 'en-GB')), 'Hong Kong', NULL, '2020-03-06 10:15:36.741', NULL),
	(_binary 0x6811B4EBF2E24B628480481EF1A98BAE, (SELECT `id` FROM `language` WHERE `locale_id` IN (SELECT `id` FROM `locale` WHERE code = 'de-DE')), 'Hong Kong', NULL, '2020-03-06 10:15:36.742', NULL),
	(_binary 0x8A38C03871A649C4914C652CA6E38D58, (SELECT `id` FROM `language` WHERE `locale_id` IN (SELECT `id` FROM `locale` WHERE code = 'en-GB')), 'Serbia', NULL, '2020-03-06 10:15:36.771', NULL),
	(_binary 0x8A38C03871A649C4914C652CA6E38D58, (SELECT `id` FROM `language` WHERE `locale_id` IN (SELECT `id` FROM `locale` WHERE code = 'de-DE')), 'Serbien', NULL, '2020-03-06 10:15:36.772', NULL),
	(_binary 0x92A4F1D295224F69BA504F64C232E996, (SELECT `id` FROM `language` WHERE `locale_id` IN (SELECT `id` FROM `locale` WHERE code = 'en-GB')), 'Philippines', NULL, '2020-03-06 10:15:36.769', NULL),
	(_binary 0x92A4F1D295224F69BA504F64C232E996, (SELECT `id` FROM `language` WHERE `locale_id` IN (SELECT `id` FROM `locale` WHERE code = 'de-DE')), 'Philippinen', NULL, '2020-03-06 10:15:36.769', NULL),
	(_binary 0x9FC3A231832744CCADA7608778EEBE16, (SELECT `id` FROM `language` WHERE `locale_id` IN (SELECT `id` FROM `locale` WHERE code = 'en-GB')), 'Russian Federation', NULL, '2020-03-06 10:15:36.774', NULL),
	(_binary 0x9FC3A231832744CCADA7608778EEBE16, (SELECT `id` FROM `language` WHERE `locale_id` IN (SELECT `id` FROM `locale` WHERE code = 'de-DE')), 'Russland', NULL, '2020-03-06 10:15:36.775', NULL),
	(_binary 0xB75CC65EDE524A0A817468E9A9BCB589, (SELECT `id` FROM `language` WHERE `locale_id` IN (SELECT `id` FROM `locale` WHERE code = 'en-GB')), 'Vietnam', NULL, '2020-03-06 10:15:36.792', NULL),
	(_binary 0xB75CC65EDE524A0A817468E9A9BCB589, (SELECT `id` FROM `language` WHERE `locale_id` IN (SELECT `id` FROM `locale` WHERE code = 'de-DE')), 'Vietnam', NULL, '2020-03-06 10:15:36.794', NULL),
	(_binary 0xC7F479A4BE0248358FD8187762C12F77, (SELECT `id` FROM `language` WHERE `locale_id` IN (SELECT `id` FROM `locale` WHERE code = 'en-GB')), 'Sri Lanka', NULL, '2020-03-06 10:15:36.756', NULL),
	(_binary 0xC7F479A4BE0248358FD8187762C12F77, (SELECT `id` FROM `language` WHERE `locale_id` IN (SELECT `id` FROM `locale` WHERE code = 'de-DE')), 'Sri Lanka', NULL, '2020-03-06 10:15:36.758', NULL),
	(_binary 0xCF7C4150E3F64FE7BE95DFFC495D89A1, (SELECT `id` FROM `language` WHERE `locale_id` IN (SELECT `id` FROM `locale` WHERE code = 'en-GB')), 'China', NULL, '2020-03-06 10:15:36.735', NULL),
	(_binary 0xCF7C4150E3F64FE7BE95DFFC495D89A1, (SELECT `id` FROM `language` WHERE `locale_id` IN (SELECT `id` FROM `locale` WHERE code = 'de-DE')), 'China', NULL, '2020-03-06 10:15:36.736', NULL),
	(_binary 0xD3E618B1D85E4F9A87CEE876239D066A, (SELECT `id` FROM `language` WHERE `locale_id` IN (SELECT `id` FROM `locale` WHERE code = 'en-GB')), 'Mongolia', NULL, '2020-03-06 10:15:36.760', NULL),
	(_binary 0xD3E618B1D85E4F9A87CEE876239D066A, (SELECT `id` FROM `language` WHERE `locale_id` IN (SELECT `id` FROM `locale` WHERE code = 'de-DE')), 'Mongolei', NULL, '2020-03-06 10:15:36.761', NULL),
	(_binary 0xD8C1B5E02F0749E8A0397365DD778748, (SELECT `id` FROM `language` WHERE `locale_id` IN (SELECT `id` FROM `locale` WHERE code = 'en-GB')), 'Indonesia', NULL, '2020-03-06 10:15:36.745', NULL),
	(_binary 0xD8C1B5E02F0749E8A0397365DD778748, (SELECT `id` FROM `language` WHERE `locale_id` IN (SELECT `id` FROM `locale` WHERE code = 'de-DE')), 'Indonesien', NULL, '2020-03-06 10:15:36.746', NULL),
	(_binary 0xDFEF3EDF45E34AF29411BB46FCB0FD3B, (SELECT `id` FROM `language` WHERE `locale_id` IN (SELECT `id` FROM `locale` WHERE code = 'en-GB')), 'South Korea', NULL, '2020-03-06 10:15:36.751', NULL),
	(_binary 0xDFEF3EDF45E34AF29411BB46FCB0FD3B, (SELECT `id` FROM `language` WHERE `locale_id` IN (SELECT `id` FROM `locale` WHERE code = 'de-DE')), 'Republik Korea (Südkorea)', NULL, '2020-03-06 10:15:36.751', NULL),
	(_binary 0xF3398FC8D7A4434AB490F1DBD1699287, (SELECT `id` FROM `language` WHERE `locale_id` IN (SELECT `id` FROM `locale` WHERE code = 'en-GB')), 'Macau', NULL, '2020-03-06 10:15:36.763', NULL),
	(_binary 0xF3398FC8D7A4434AB490F1DBD1699287, (SELECT `id` FROM `language` WHERE `locale_id` IN (SELECT `id` FROM `locale` WHERE code = 'de-DE')), 'Macao', NULL, '2020-03-06 10:15:36.764', NULL),
	(_binary 0xF440564DB15943DAA24B5423674895A3, (SELECT `id` FROM `language` WHERE `locale_id` IN (SELECT `id` FROM `locale` WHERE code = 'en-GB')), 'Lebanon', NULL, '2020-03-06 10:15:36.754', NULL),
	(_binary 0xF440564DB15943DAA24B5423674895A3, (SELECT `id` FROM `language` WHERE `locale_id` IN (SELECT `id` FROM `locale` WHERE code = 'de-DE')), 'Libanon', NULL, '2020-03-06 10:15:36.754', NULL),
	(_binary 0xF7860B2C79924CE9B0541E18ED8C385B, (SELECT `id` FROM `language` WHERE `locale_id` IN (SELECT `id` FROM `locale` WHERE code = 'en-GB')), 'Slovenia', NULL, '2020-03-06 10:15:36.780', NULL),
	(_binary 0xF7860B2C79924CE9B0541E18ED8C385B, (SELECT `id` FROM `language` WHERE `locale_id` IN (SELECT `id` FROM `locale` WHERE code = 'de-DE')), 'Slowenien', NULL, '2020-03-06 10:15:36.781', NULL);
/*!40000 ALTER TABLE `country_translation` ENABLE KEYS */;


-- storefinder
CREATE TABLE IF NOT EXISTS `udg_storefinder` (
  `id` binary(16) NOT NULL,
  `country_id` binary(16) NOT NULL,
  `latitude` decimal(15,10) NOT NULL,
  `longitude` decimal(15,10) NOT NULL,
  `distrotype` varchar(64) COLLATE utf8mb4_unicode_ci NOT NULL DEFAULT '',
  `productline` text COLLATE utf8mb4_unicode_ci,
  `active` tinyint(1) NOT NULL DEFAULT '1',
  `created_at` datetime(3) NOT NULL,
  `updated_at` datetime(3) DEFAULT NULL,
  PRIMARY KEY (`id`)
) ENGINE=InnoDB DEFAULT CHARSET=utf8mb4 COLLATE=utf8mb4_unicode_ci;

DELETE FROM `udg_storefinder`;

/*!40000 ALTER TABLE `udg_storefinder` DISABLE KEYS */;
INSERT INTO `udg_storefinder` (`id`, `country_id`, `latitude`, `longitude`, `distrotype`, `productline`, `active`, `created_at`, `updated_at`) VALUES
	(_binary 0x002555D0D226481AAF07293CE965832D, (SELECT `id` FROM `country` WHERE `iso` = 'SE'), 56.6724881000, 12.8001733000, '', NULL, 1, '2020-03-09 12:51:56.150', NULL),
	(_binary 0x0034E45513A64726A7B680F14C9EAA13, (SELECT `id` FROM `country` WHERE `iso` = 'MO'), 22.2781326000, 114.1742780000, 'Distributor', NULL, 1, '2020-03-09 12:51:55.925', NULL),
	(_binary 0x032A504BA5F2492EAA749432C76373A9, (SELECT `id` FROM `country` WHERE `iso` = 'UA'), 48.4349000000, 34.8144870000, '', NULL, 1, '2020-03-09 12:51:56.325', NULL),
	(_binary 0x066F90F300BE4C3D8E1453411B58C89E, (SELECT `id` FROM `country` WHERE `iso` = 'JP'), 35.7128667000, 139.7307959000, 'Distributor', NULL, 1, '2020-03-09 12:51:56.109', NULL),
	(_binary 0x06FDA89940564FB9B5AB81BBF68DDC64, (SELECT `id` FROM `country` WHERE `iso` = 'TH'), 13.7190532000, 100.6683944000, 'Distributor', NULL, 1, '2020-03-09 12:51:56.017', NULL),
	(_binary 0x07E902FA2BE24D6F801855B231DB7F5C, (SELECT `id` FROM `country` WHERE `iso` = 'LK'), 6.8767546000, 79.8606417000, 'Distributor', NULL, 1, '2020-03-09 12:51:56.133', NULL),
	(_binary 0x0C8A838431264BE9A247EFA26C251CBE, (SELECT `id` FROM `country` WHERE `iso` = 'SE'), 57.7315250000, 12.0626581000, '', NULL, 1, '2020-03-09 12:51:56.495', NULL),
	(_binary 0x0E35C4DB1FD6439C99B1D3B1FCA34EC9, (SELECT `id` FROM `country` WHERE `iso` = 'DE'), 51.6757491000, 7.8111870000, '', NULL, 1, '2020-03-09 12:51:55.658', NULL),
	(_binary 0x10AFBA28523D4C32ADDE14E0AE397B02, (SELECT `id` FROM `country` WHERE `iso` = 'RU'), 55.7484770000, 37.6609570000, '', NULL, 1, '2020-03-09 12:51:56.379', NULL),
	(_binary 0x11377699DC8A4221A520E16630542FCE, (SELECT `id` FROM `country` WHERE `iso` = 'LU'), 50.6653482000, 4.5773917000, 'Distributor', NULL, 1, '2020-03-09 12:51:55.916', NULL),
	(_binary 0x165D87444C2A47F7B88ED8910A59D0F7, (SELECT `id` FROM `country` WHERE `iso` = 'DE'), 48.7722500000, 9.1736600000, '', NULL, 1, '2020-03-09 12:51:55.681', NULL),
	(_binary 0x1A8144DA3CCB418C96A3C91E404C0624, (SELECT `id` FROM `country` WHERE `iso` = 'US'), 40.8991121000, -72.3749047000, '', NULL, 1, '2020-03-09 12:51:56.411', NULL),
	(_binary 0x1DCB85975C554BD1B69E80CB595B06D3, (SELECT `id` FROM `country` WHERE `iso` = 'DE'), 51.9617594000, 7.6320995000, '', NULL, 1, '2020-03-09 12:51:55.649', NULL),
	(_binary 0x20041B3B45BB4F27A81AC951E76265D7, (SELECT `id` FROM `country` WHERE `iso` = 'UA'), 50.3851947000, 30.4467335000, '', NULL, 1, '2020-03-09 12:51:56.298', NULL),
	(_binary 0x239E7444E22F4D7CB43F31343331006E, (SELECT `id` FROM `country` WHERE `iso` = 'DE'), 52.5058600000, 13.3250400000, '', NULL, 1, '2020-03-09 12:51:55.583', NULL),
	(_binary 0x28C150C9A3CC4101A99E2A9C7D949B3F, (SELECT `id` FROM `country` WHERE `iso` = 'RU'), 55.7212440000, 37.6054069000, '', NULL, 1, '2020-03-09 12:51:56.374', NULL),
	(_binary 0x2A70760899B54F5C83C62208B3407E21, (SELECT `id` FROM `country` WHERE `iso` = 'CL'), -33.3526690000, -70.5185170000, 'Distributor', NULL, 1, '2020-03-09 12:51:55.845', NULL),
	(_binary 0x35F14E5761B74063B029408746F8FC99, (SELECT `id` FROM `country` WHERE `iso` = 'PT'), 38.7581204000, -9.1030419000, 'Distributor', NULL, 1, '2020-03-09 12:51:56.078', NULL),
	(_binary 0x3701C98B50484B4497C65CB56216E99F, (SELECT `id` FROM `country` WHERE `iso` = 'FI'), 61.4916382000, 23.7701831000, '', NULL, 1, '2020-03-09 12:51:56.252', NULL),
	(_binary 0x39CC603826F04BF9BFC8530F2C7B4E5C, (SELECT `id` FROM `country` WHERE `iso` = 'MY'), 5.4606100000, 100.3074200000, 'Distributor', NULL, 1, '2020-03-09 12:51:55.930', NULL),
	(_binary 0x3C280AB829D54AE6B46A4F9537C0AC5C, (SELECT `id` FROM `country` WHERE `iso` = 'US'), 40.7430503000, -73.9869834000, '', NULL, 1, '2020-03-09 12:51:56.420', NULL),
	(_binary 0x3C9FE5A9FB0F4E4397992142C68FD80D, (SELECT `id` FROM `country` WHERE `iso` = 'GB'), 52.2472086000, 0.0827205000, '', NULL, 1, '2020-03-09 12:51:56.128', NULL),
	(_binary 0x419FA8D2215A472596B8A2A917D4F23A, (SELECT `id` FROM `country` WHERE `iso` = 'DE'), 52.0060407000, 8.5114496000, '', NULL, 1, '2020-03-09 12:51:55.622', NULL),
	(_binary 0x430777884A83405AAE0C6AABE2E22386, (SELECT `id` FROM `country` WHERE `iso` = 'FI'), 60.6219581000, 24.8647534000, 'Distributor', NULL, 1, '2020-03-09 12:51:55.862', NULL),
	(_binary 0x450F682E8DF24E50839EA145262092DF, (SELECT `id` FROM `country` WHERE `iso` = 'US'), 32.8228086000, -96.8175896000, '', NULL, 1, '2020-03-09 12:51:56.485', NULL),
	(_binary 0x457CF9D2DB954E12BB1FFB394B0A0393, (SELECT `id` FROM `country` WHERE `iso` = 'US'), 33.3401715000, -111.9633233000, '', NULL, 1, '2020-03-09 12:51:56.459', NULL),
	(_binary 0x4585E8EF399D496186CF8B9CA553DD97, (SELECT `id` FROM `country` WHERE `iso` = 'AT'), 48.2563099000, 13.2281910000, '', NULL, 1, '2020-03-09 12:51:55.761', NULL),
	(_binary 0x4721B67700F6475A8710D39427AC5A6B, (SELECT `id` FROM `country` WHERE `iso` = 'CH'), 47.3892295000, 8.5223931000, '', NULL, 1, '2020-03-09 12:51:55.791', NULL),
	(_binary 0x47FD8F3162114E7AB1531C79DCDCBCEF, (SELECT `id` FROM `country` WHERE `iso` = 'DE'), 49.6657466000, 11.0395214000, '', NULL, 1, '2020-03-09 12:51:55.730', NULL),
	(_binary 0x499BA8F7C8674FEC86235C24CB148792, (SELECT `id` FROM `country` WHERE `iso` = 'DE'), 51.3525161000, 12.3708285000, '', NULL, 1, '2020-03-09 12:51:55.574', NULL),
	(_binary 0x49CF23C760814324A76C1229638F7C45, (SELECT `id` FROM `country` WHERE `iso` = 'DE'), 53.6195689000, 10.0812772000, '', NULL, 1, '2020-03-09 12:51:55.593', NULL),
	(_binary 0x4B6F539C8C0449DF901691E36A0045DE, (SELECT `id` FROM `country` WHERE `iso` = 'DE'), 53.5588331000, 10.0086554000, '', NULL, 1, '2020-03-09 12:51:56.390', NULL),
	(_binary 0x55DDD01098D54220AD2CF5B757C27651, (SELECT `id` FROM `country` WHERE `iso` = 'GB'), 55.8681686000, -4.2629266000, '', NULL, 1, '2020-03-09 12:51:56.026', NULL),
	(_binary 0x5BC5625DA81A43DF941FE4DEC7182C4F, (SELECT `id` FROM `country` WHERE `iso` = 'SI'), 46.0601097000, 14.5035792000, 'Distributor', NULL, 1, '2020-03-09 12:51:56.000', NULL),
	(_binary 0x6444B61D27CE4DCCB962CC55D9541C28, (SELECT `id` FROM `country` WHERE `iso` = 'FI'), 61.0112348000, 24.4083251000, '', NULL, 1, '2020-03-09 12:51:56.261', NULL),
	(_binary 0x6972FF4B702042ED97C90C79ED7D1768, (SELECT `id` FROM `country` WHERE `iso` = 'DE'), 53.8650703000, 10.6878994000, '', NULL, 1, '2020-03-09 12:51:55.598', NULL),
	(_binary 0x6C977A11032548DBA2059E9195CA47CF, (SELECT `id` FROM `country` WHERE `iso` = 'DE'), 50.9472500000, 7.0856600000, '', NULL, 1, '2020-03-09 12:51:56.100', NULL),
	(_binary 0x6E1CDE765E0F4945AB0A7E63E6BFC4E8, (SELECT `id` FROM `country` WHERE `iso` = 'AU'), -33.8885790000, 151.1533900000, 'Distributor', NULL, 1, '2020-03-09 12:51:55.800', NULL),
	(_binary 0x6F3E92A2EA8040119A6677AA1730FB30, (SELECT `id` FROM `country` WHERE `iso` = 'BG'), 42.7144508000, 23.2638726000, 'Distributor', NULL, 1, '2020-03-09 12:51:55.831', NULL),
	(_binary 0x7183795C73A04B3FA92FE3B57B1741CD, (SELECT `id` FROM `country` WHERE `iso` = 'ID'), -6.1370165000, 106.8238911000, 'Distributor', NULL, 1, '2020-03-09 12:51:55.885', NULL),
	(_binary 0x7291E2C2C12B4EC28F3F95C7C110FE6C, (SELECT `id` FROM `country` WHERE `iso` = 'GR'), 39.6396597000, 22.4190684000, '', NULL, 1, '2020-03-09 12:51:56.204', NULL),
	(_binary 0x77F1CBC62CC44A21B85F58AFBEB61489, (SELECT `id` FROM `country` WHERE `iso` = 'BE'), 50.6653482000, 4.5773917000, 'Distributor', NULL, 1, '2020-03-09 12:51:55.814', NULL),
	(_binary 0x783C44A401C74F3D9342A04602CF93E8, (SELECT `id` FROM `country` WHERE `iso` = 'CH'), 47.3727657000, 8.5148796000, '', NULL, 1, '2020-03-09 12:51:55.783', NULL),
	(_binary 0x7912EF8BF3A24A189FB7D36D21D72649, (SELECT `id` FROM `country` WHERE `iso` = 'RU'), 55.7754010000, 37.1996130000, '', NULL, 1, '2020-03-09 12:51:56.355', NULL),
	(_binary 0x7AD029937A4849DFA3A63A0AC5E4FFC5, (SELECT `id` FROM `country` WHERE `iso` = 'AT'), 48.0109401000, 13.6635388000, '', NULL, 1, '2020-03-09 12:51:55.756', NULL),
	(_binary 0x7B8DC301F1E64CDBA7F3523B2F72A7E0, (SELECT `id` FROM `country` WHERE `iso` = 'GR'), 37.9380209000, 22.9295354000, '', NULL, 1, '2020-03-09 12:51:56.225', NULL),
	(_binary 0x7CECDB62209D490194EB846FA4A79EAE, (SELECT `id` FROM `country` WHERE `iso` = 'RU'), 55.7831510000, 37.5847810000, 'Distributor', NULL, 1, '2020-03-09 12:51:55.978', NULL),
	(_binary 0x8031DA9806344A68AC96588DE71A601D, (SELECT `id` FROM `country` WHERE `iso` = 'GB'), 50.7737459000, -1.8598075000, '', NULL, 1, '2020-03-09 12:51:56.039', NULL),
	(_binary 0x867DAF0BD5014ACD88BD66287393BF34, (SELECT `id` FROM `country` WHERE `iso` = 'DE'), 48.7745969000, 9.1284137000, '', NULL, 1, '2020-03-09 12:51:56.406', NULL),
	(_binary 0x88241671866A4ACE8615B84ED91D8409, (SELECT `id` FROM `country` WHERE `iso` = 'DE'), 51.2227925000, 6.7855691000, '', NULL, 1, '2020-03-09 12:51:55.636', NULL),
	(_binary 0x8BF2C5EDA88140D2A323ADF2700E0377, (SELECT `id` FROM `country` WHERE `iso` = 'AE'), 25.0642202000, 55.1381870000, 'Distributor', NULL, 1, '2020-03-09 12:51:56.243', NULL),
	(_binary 0x8DB409095DB44CBFA6802955157E1974, (SELECT `id` FROM `country` WHERE `iso` = 'FI'), 62.6485037000, 25.0232457000, '', NULL, 1, '2020-03-09 12:51:56.266', NULL),
	(_binary 0x8F24EE4698AD42A19DBFBF78B6863137, (SELECT `id` FROM `country` WHERE `iso` = 'DE'), 52.2642666000, 10.5195161000, '', NULL, 1, '2020-03-09 12:51:55.628', NULL),
	(_binary 0x90BCFD99A0C145189F83402A357FA1B5, (SELECT `id` FROM `country` WHERE `iso` = 'UA'), 49.9837260000, 36.2405750000, '', NULL, 1, '2020-03-09 12:51:56.316', NULL),
	(_binary 0x91FB829397704E5D9711C57060ECC666, (SELECT `id` FROM `country` WHERE `iso` = 'GR'), 38.2537731000, 21.7448158000, '', NULL, 1, '2020-03-09 12:51:56.230', NULL),
	(_binary 0x92695345FBEA4CD1843591110CB59862, (SELECT `id` FROM `country` WHERE `iso` = 'NO'), 59.9124990000, 10.7301854000, 'Distributor', NULL, 1, '2020-03-09 12:51:55.947', NULL),
	(_binary 0x92D07D8CB1294D44AC51A39DF980023C, (SELECT `id` FROM `country` WHERE `iso` = 'HK'), 22.2781326000, 114.1742780000, 'Distributor', NULL, 1, '2020-03-09 12:51:55.876', NULL),
	(_binary 0x93AE03EC8C0D432C83845C0005C2ABCB, (SELECT `id` FROM `country` WHERE `iso` = 'IT'), 37.5195524000, 15.0950618000, 'Distributor', NULL, 1, '2020-03-09 12:51:55.899', NULL),
	(_binary 0x9691F895D88441CAB270708F9C226461, (SELECT `id` FROM `country` WHERE `iso` = 'US'), 33.6283643000, -111.9243982000, '', NULL, 1, '2020-03-09 12:51:56.455', NULL),
	(_binary 0x9A9A1AF727FC4580B6869FDFC1305D4B, (SELECT `id` FROM `country` WHERE `iso` = 'RO'), 44.4339010000, 26.0772210000, 'Distributor', NULL, 1, '2020-03-09 12:51:55.969', NULL),
	(_binary 0xA07EE1DF2FBD41D1B9423FC5645770DC, (SELECT `id` FROM `country` WHERE `iso` = 'DE'), 53.0777465000, 8.8025653000, '', NULL, 1, '2020-03-09 12:51:55.604', NULL),
	(_binary 0xA19CC3DC895940E7846B5751A3EE49CB, (SELECT `id` FROM `country` WHERE `iso` = 'DE'), 50.1158331000, 8.6860113000, '', NULL, 1, '2020-03-09 12:51:55.667', NULL),
	(_binary 0xA8CE1A9D47B44613951888D51D20D7D4, (SELECT `id` FROM `country` WHERE `iso` = 'GB'), 52.3923606000, -2.1194270000, '', NULL, 1, '2020-03-09 12:51:56.030', NULL),
	(_binary 0xB792E93EB70A4FDC9AB9FF969FE6E3DD, (SELECT `id` FROM `country` WHERE `iso` = 'LB'), 33.8886289000, 35.4954794000, 'Distributor', NULL, 1, '2020-03-09 12:51:55.908', NULL),
	(_binary 0xB799990A9A8441C785840BD179A4883D, (SELECT `id` FROM `country` WHERE `iso` = 'PH'), 22.2781326000, 114.1742780000, 'Distributor', NULL, 1, '2020-03-09 12:51:55.956', NULL),
	(_binary 0xB7F1B31E2351437798EC960ECED5667E, (SELECT `id` FROM `country` WHERE `iso` = 'GR'), 37.9875935000, 23.7299117000, 'Distributor', NULL, 1, '2020-03-09 12:51:55.867', NULL),
	(_binary 0xB857E7ED791340428B7476E023444322, (SELECT `id` FROM `country` WHERE `iso` = 'PT'), 40.1999312000, -8.4381834000, '', NULL, 1, '2020-03-09 12:51:56.155', NULL),
	(_binary 0xB867DB023FAE4405A1B3E650CBE4AA01, (SELECT `id` FROM `country` WHERE `iso` = 'GR'), 38.0789042000, 23.6945031000, '', NULL, 1, '2020-03-09 12:51:56.186', NULL),
	(_binary 0xB9EE3554B5EE442CA84E52D471432A22, (SELECT `id` FROM `country` WHERE `iso` = 'CN'), 22.2781326000, 114.1742780000, 'Distributor', NULL, 1, '2020-03-09 12:51:56.123', NULL),
	(_binary 0xBC15D08DE2DF442C9AC1C095EE0247E9, (SELECT `id` FROM `country` WHERE `iso` = 'CA'), 49.1279490000, -123.0979310000, 'Distributor', NULL, 1, '2020-03-09 12:51:55.836', NULL),
	(_binary 0xBC489FF022914968A8755092D3C22A9B, (SELECT `id` FROM `country` WHERE `iso` = 'CH'), 46.0114983000, 8.9595774000, '', NULL, 1, '2020-03-09 12:51:55.774', NULL),
	(_binary 0xC290252A340F42FA93A212387F2BB254, (SELECT `id` FROM `country` WHERE `iso` = 'GR'), 37.9532856000, 23.7389554000, '', NULL, 1, '2020-03-09 12:51:56.234', NULL),
	(_binary 0xC4A1363E6EFC440CA7257C5D16C0925E, (SELECT `id` FROM `country` WHERE `iso` = 'VN'), 21.0117259000, 105.8393858000, 'Distributor', NULL, 1, '2020-03-09 12:51:56.061', NULL),
	(_binary 0xC5F1545800EE457AAC33A2FF4673FF5F, (SELECT `id` FROM `country` WHERE `iso` = 'CH'), 46.8588755000, 7.4982354000, '', NULL, 1, '2020-03-09 12:51:55.766', NULL),
	(_binary 0xC6D149D6882644E8B6579DAC2AD3697D, (SELECT `id` FROM `country` WHERE `iso` = 'AT'), 48.2165094000, 16.3565053000, '', NULL, 1, '2020-03-09 12:51:55.743', NULL),
	(_binary 0xC79CFBD3246148E28E16E6529615852C, (SELECT `id` FROM `country` WHERE `iso` = 'CZ'), 50.0343790000, 14.4918701000, 'Distributor', NULL, 1, '2020-03-09 12:51:55.854', NULL),
	(_binary 0xCD4ACE00EB4F4F43AA3708323AB93B45, (SELECT `id` FROM `country` WHERE `iso` = 'DE'), 51.4537213000, 7.0135280000, '', NULL, 1, '2020-03-09 12:51:55.644', NULL),
	(_binary 0xCE67B89ABBEC4A068B211A0B6A24AB42, (SELECT `id` FROM `country` WHERE `iso` = 'GB'), 51.5157419000, -0.1543198000, '', NULL, 1, '2020-03-09 12:51:56.048', NULL),
	(_binary 0xCE85DD0DEBA844BE83D6B567F0273A77, (SELECT `id` FROM `country` WHERE `iso` = 'AT'), 52.4823228000, 13.3673764000, 'Distributor', NULL, 1, '2020-03-09 12:51:55.805', NULL),
	(_binary 0xCF8422D1AF4E497AB1910E6979F27602, (SELECT `id` FROM `country` WHERE `iso` = 'DE'), 53.2479000000, 10.4311500000, '', NULL, 1, '2020-03-09 12:51:55.588', NULL),
	(_binary 0xCFE14A6335F24CB1A51CE27C6EE0CA47, (SELECT `id` FROM `country` WHERE `iso` = 'DE'), 48.1338127000, 11.5350955000, '', NULL, 1, '2020-03-09 12:51:55.704', NULL),
	(_binary 0xD18B37EC1EF14CEB8B5A1BBF5A9F869D, (SELECT `id` FROM `country` WHERE `iso` = 'RU'), 55.7582838000, 37.5382117000, '', NULL, 1, '2020-03-09 12:51:56.369', NULL),
	(_binary 0xD2360393301B484CBD85EEE3E6A17AF4, (SELECT `id` FROM `country` WHERE `iso` = 'US'), 40.1761904000, -75.0427397000, '', NULL, 1, '2020-03-09 12:51:56.435', NULL),
	(_binary 0xD562099057AD4BCBA133BC1BEC7FBD1D, (SELECT `id` FROM `country` WHERE `iso` = 'UA'), 50.4133530000, 30.5327060000, 'Distributor', NULL, 1, '2020-03-09 12:51:56.056', NULL),
	(_binary 0xD749C81447E2488986A6FB8678530642, (SELECT `id` FROM `country` WHERE `iso` = 'UA'), 50.3477625000, 30.5489725000, '', NULL, 1, '2020-03-09 12:51:56.307', NULL),
	(_binary 0xD74AAD92C3604D97A9A6E64881A3A5EF, (SELECT `id` FROM `country` WHERE `iso` = 'DE'), 51.5013600000, 7.4810000000, '', NULL, 1, '2020-03-09 12:51:56.087', NULL),
	(_binary 0xD758635C156244E19FB0803205305B8F, (SELECT `id` FROM `country` WHERE `iso` = 'DE'), 48.3656800000, 10.9002300000, '', NULL, 1, '2020-03-09 12:51:55.721', NULL),
	(_binary 0xD843E16615EE44F9ACF0A278EDEFF548, (SELECT `id` FROM `country` WHERE `iso` = 'DE'), 49.4874460000, 8.4703460000, '', NULL, 1, '2020-03-09 12:51:56.173', NULL),
	(_binary 0xD98B5908105F43509BE1AF73C1B08A73, (SELECT `id` FROM `country` WHERE `iso` = 'DE'), 52.3743825000, 9.7425877000, '', NULL, 1, '2020-03-09 12:51:55.612', NULL),
	(_binary 0xDA73F5FD7C62412A8C0284D43D44C2BE, (SELECT `id` FROM `country` WHERE `iso` = 'PL'), 52.2358539000, 20.9928390000, '', NULL, 1, '2020-03-09 12:51:56.347', NULL),
	(_binary 0xDB4696AE73F04477A383F8412803F647, (SELECT `id` FROM `country` WHERE `iso` = 'TW'), 25.0462161000, 121.5467185000, 'Distributor', NULL, 1, '2020-03-09 12:51:56.009', NULL),
	(_binary 0xDBA8712D24964FDEBD7CAA973F9C5604, (SELECT `id` FROM `country` WHERE `iso` = 'UA'), 46.4711985000, 30.7420995000, '', NULL, 1, '2020-03-09 12:51:56.335', NULL),
	(_binary 0xDBBC27F8BF3F4FDDA799E70D6420344A, (SELECT `id` FROM `country` WHERE `iso` = 'GR'), 40.5975091000, 22.9672040000, '', NULL, 1, '2020-03-09 12:51:56.198', NULL),
	(_binary 0xDBF9154A2F434A21BF2923430DFB480D, (SELECT `id` FROM `country` WHERE `iso` = 'AT'), 47.3346505000, 9.6469452000, '', NULL, 1, '2020-03-09 12:51:56.092', NULL),
	(_binary 0xDC77BD6B88BB48A6940D677748616701, (SELECT `id` FROM `country` WHERE `iso` = 'DE'), 48.1424253000, 11.5681776000, '', NULL, 1, '2020-03-09 12:51:55.699', NULL),
	(_binary 0xDC8EEC6D392D4E3196546165A3C67D11, (SELECT `id` FROM `country` WHERE `iso` = 'NL'), 53.0311873000, 6.2803354000, 'Distributor', NULL, 1, '2020-03-09 12:51:55.939', NULL),
	(_binary 0xDEDC3926570148A89B7DF159CF3B766C, (SELECT `id` FROM `country` WHERE `iso` = 'KR'), 37.5024230000, 127.0375890000, 'Distributor', NULL, 1, '2020-03-09 12:51:56.070', NULL),
	(_binary 0xE3FD41402EEC4C81919125C6C427CE9B, (SELECT `id` FROM `country` WHERE `iso` = 'US'), 34.1447183000, -118.0018057000, '', NULL, 1, '2020-03-09 12:51:56.490', NULL),
	(_binary 0xE6D4D7483B734436968DB7E4FF10B0C0, (SELECT `id` FROM `country` WHERE `iso` = 'SG'), 1.2913590000, 103.8513460000, 'Distributor', NULL, 1, '2020-03-09 12:51:55.992', NULL),
	(_binary 0xE8DA29BD908D43918323748EF89E2920, (SELECT `id` FROM `country` WHERE `iso` = 'DE'), 50.0781875000, 8.2425919000, '', NULL, 1, '2020-03-09 12:51:55.675', NULL),
	(_binary 0xEA67EE7758E04FBCAB0941CCB39AD887, (SELECT `id` FROM `country` WHERE `iso` = 'BR'), -23.5262220000, -46.7450078000, 'Distributor', NULL, 1, '2020-03-09 12:51:55.822', NULL),
	(_binary 0xEA7F785C85A44076A7D62CF44A244862, (SELECT `id` FROM `country` WHERE `iso` = 'DE'), 48.1668300000, 11.6234500000, '', NULL, 1, '2020-03-09 12:51:55.712', NULL),
	(_binary 0xEB0B24CB961843DFBFFF7DE3FD48243C, (SELECT `id` FROM `country` WHERE `iso` = 'DE'), 53.2687700000, 7.9397100000, '', 'Reference Line||Top Line||Classic Line||Phase 3', 1, '2020-03-09 12:51:55.568', NULL),
	(_binary 0xEB31359CBFBF4663A2EB7EE54758D355, (SELECT `id` FROM `country` WHERE `iso` = 'MN'), 47.9351952659, 106.9256823983, 'Distributor', NULL, 1, '2020-03-09 12:51:56.500', NULL),
	(_binary 0xEB75E4B0CF304C4A890F631A9455D3DD, (SELECT `id` FROM `country` WHERE `iso` = 'DE'), 49.2722500000, 11.4767100000, '', NULL, 1, '2020-03-09 12:51:55.736', NULL),
	(_binary 0xECB28184922541BEBEA3DFB64032F71F, (SELECT `id` FROM `country` WHERE `iso` = 'UA'), 50.4936697000, 30.3772959000, '', NULL, 1, '2020-03-09 12:51:56.292', NULL),
	(_binary 0xECFF846049DC4094AB3B14E994CB793A, (SELECT `id` FROM `country` WHERE `iso` = 'IN'), 19.1129570000, 72.8822310000, 'Distributor', NULL, 1, '2020-03-09 12:51:56.395', NULL),
	(_binary 0xEEC192AEABBE4561904BF5E2FE034643, (SELECT `id` FROM `country` WHERE `iso` = 'IL'), 32.3866327000, 34.8826617000, 'Distributor', NULL, 1, '2020-03-09 12:51:55.894', NULL),
	(_binary 0xF1F5638DCBB14019A75DAAF15E6FA6BD, (SELECT `id` FROM `country` WHERE `iso` = 'VN'), 21.0239500000, 105.8536800000, '', NULL, 1, '2020-03-09 12:51:56.274', NULL),
	(_binary 0xF3F3D423E3E94F558F080AA94A4A659E, (SELECT `id` FROM `country` WHERE `iso` = 'US'), 42.3600584000, -71.4382258000, '', NULL, 1, '2020-03-09 12:51:56.443', NULL),
	(_binary 0xF456BB9A9B444521A726F947D148DBE2, (SELECT `id` FROM `country` WHERE `iso` = 'RS'), 44.8215521000, 20.4598206000, 'Distributor', NULL, 1, '2020-03-09 12:51:55.987', NULL),
	(_binary 0xF4AD4114A5444346BBF595A7A6E5779B, (SELECT `id` FROM `country` WHERE `iso` = 'US'), 39.5804450000, -104.8675703000, 'Distributor', NULL, 1, '2020-03-09 12:51:56.181', NULL),
	(_binary 0xF586A28C34024B0BA3314093097E6A4B, (SELECT `id` FROM `country` WHERE `iso` = 'SE'), 59.2678570000, 15.2283975000, 'Distributor', NULL, 1, '2020-03-09 12:51:56.164', NULL),
	(_binary 0xF87948C3645D4120A4D1CC492FDF6D22, (SELECT `id` FROM `country` WHERE `iso` = 'DE'), 52.5344000000, 13.3536300000, '', NULL, 1, '2020-03-09 12:51:55.578', NULL),
	(_binary 0xF99F463A950D478F92D566A07118FA33, (SELECT `id` FROM `country` WHERE `iso` = 'UA'), 50.4133530000, 30.5327060000, '', NULL, 1, '2020-03-09 12:51:56.283', NULL),
	(_binary 0xFB35C4AD002F4E0D8C74E2F8E03423E1, (SELECT `id` FROM `country` WHERE `iso` = 'SE'), 55.6080991000, 13.0121893000, '', NULL, 1, '2020-03-09 12:51:56.142', NULL),
	(_binary 0xFC012E4BF06C46F3B52CC9F20D0D5825, (SELECT `id` FROM `country` WHERE `iso` = 'DE'), 48.6288800000, 8.0766700000, '', NULL, 1, '2020-03-09 12:51:55.690', NULL),
	(_binary 0xFC1E70AE3D0749B1BD1B52194D4E2E75, (SELECT `id` FROM `country` WHERE `iso` = 'PL'), 52.2037911000, 20.8570786000, 'Distributor', NULL, 1, '2020-03-09 12:51:55.960', NULL),
	(_binary 0xFF48BB56A0D64A369D5C2156F3BABB27, (SELECT `id` FROM `country` WHERE `iso` = 'GR'), 38.0495769000, 23.7768669000, '', NULL, 1, '2020-03-09 12:51:56.220', NULL);
/*!40000 ALTER TABLE `udg_storefinder` ENABLE KEYS */;

CREATE TABLE IF NOT EXISTS `udg_storefinder_translation` (
  `udg_storefinder_id` binary(16) NOT NULL,
  `language_id` binary(16) NOT NULL,
  `company` varchar(255) COLLATE utf8mb4_unicode_ci NOT NULL,
  `street` varchar(255) COLLATE utf8mb4_unicode_ci NOT NULL,
  `location` varchar(255) COLLATE utf8mb4_unicode_ci NOT NULL,
  `phone` varchar(255) COLLATE utf8mb4_unicode_ci NOT NULL DEFAULT '',
  `email` varchar(255) COLLATE utf8mb4_unicode_ci NOT NULL DEFAULT '',
  `web` varchar(255) COLLATE utf8mb4_unicode_ci NOT NULL DEFAULT '',
  `created_at` datetime(3) NOT NULL,
  `updated_at` datetime(3) DEFAULT NULL,
  PRIMARY KEY (`udg_storefinder_id`,`language_id`),
  KEY `fk.udg_storefinder_translation.language_id` (`language_id`),
  CONSTRAINT `fk.udg_storefinder_translation.language_id` FOREIGN KEY (`language_id`) REFERENCES `language` (`id`) ON DELETE CASCADE ON UPDATE CASCADE,
  CONSTRAINT `fk.udg_storefinder_translation.udg_storefinder_id` FOREIGN KEY (`udg_storefinder_id`) REFERENCES `udg_storefinder` (`id`) ON DELETE CASCADE ON UPDATE CASCADE
) ENGINE=InnoDB DEFAULT CHARSET=utf8mb4 COLLATE=utf8mb4_unicode_ci;

DELETE FROM `udg_storefinder_translation`;

/*!40000 ALTER TABLE `udg_storefinder_translation` DISABLE KEYS */;
INSERT INTO `udg_storefinder_translation` (`udg_storefinder_id`, `language_id`, `company`, `street`, `location`, `phone`, `email`, `web`, `created_at`, `updated_at`) VALUES
	(_binary 0x002555D0D226481AAF07293CE965832D, (SELECT `id` FROM `language` WHERE `locale_id` IN (SELECT `id` FROM `locale` WHERE code = 'en-GB')), 'Ljudcenter', 'Knut Peters väg 42 ', '302 41 Halmstad', '+46-35-191101', 'info@ljudcenter.se', 'http://www.ljudcenter.se/', '2020-03-09 12:51:56.149', NULL),
	(_binary 0x002555D0D226481AAF07293CE965832D, (SELECT `id` FROM `language` WHERE `locale_id` IN (SELECT `id` FROM `locale` WHERE code = 'de-DE')), 'Ljudcenter', 'Knut Peters väg 42 ', '302 41 Halmstad', '+46-35-191101', 'info@ljudcenter.se', 'http://www.ljudcenter.se/', '2020-03-09 12:51:56.150', NULL),
	(_binary 0x0034E45513A64726A7B680F14C9EAA13, (SELECT `id` FROM `language` WHERE `locale_id` IN (SELECT `id` FROM `locale` WHERE code = 'en-GB')), 'Richcoln Company Limited', '5/F,Siu On Centre, 188 Lockhard Road,', 'Wanchai, Hong Kong', '+852-24898068', 'rcl@richcoln.com', 'http://www.richcoln.com', '2020-03-09 12:51:55.924', NULL),
	(_binary 0x0034E45513A64726A7B680F14C9EAA13, (SELECT `id` FROM `language` WHERE `locale_id` IN (SELECT `id` FROM `locale` WHERE code = 'de-DE')), 'Richcoln Company Limited', '5/F,Siu On Centre, 188 Lockhard Road,', 'Wanchai, Hong Kong', '+852-24898068', 'rcl@richcoln.com', 'http://www.richcoln.com', '2020-03-09 12:51:55.924', NULL),
	(_binary 0x032A504BA5F2492EAA749432C76373A9, (SELECT `id` FROM `language` WHERE `locale_id` IN (SELECT `id` FROM `locale` WHERE code = 'en-GB')), 'Kinozvuk "Кинозвук"', 'Pushkina Ave, 49', 'Dnepr', '+38-0562-33-57-59', 'kinozvuk@ukr.net', '', '2020-03-09 12:51:56.323', NULL),
	(_binary 0x032A504BA5F2492EAA749432C76373A9, (SELECT `id` FROM `language` WHERE `locale_id` IN (SELECT `id` FROM `locale` WHERE code = 'de-DE')), 'Kinozvuk "Кинозвук"', 'Pushkina Ave, 49', 'Dnepr', '+38-0562-33-57-59', 'kinozvuk@ukr.net', '', '2020-03-09 12:51:56.324', NULL),
	(_binary 0x066F90F300BE4C3D8E1453411B58C89E, (SELECT `id` FROM `language` WHERE `locale_id` IN (SELECT `id` FROM `locale` WHERE code = 'en-GB')), 'NOAH Corporation', 'Seishinsha HD Bldg. 4F 1-1-7, Otowa, Bunkyo-ku', 'Tokyo 112-0013', '+81-3-6902-0941', 'info@noahcorporation.com', 'http://www.noahcorporation.com', '2020-03-09 12:51:56.109', NULL),
	(_binary 0x066F90F300BE4C3D8E1453411B58C89E, (SELECT `id` FROM `language` WHERE `locale_id` IN (SELECT `id` FROM `locale` WHERE code = 'de-DE')), 'NOAH Corporation', 'Seishinsha HD Bldg. 4F 1-1-7, Otowa, Bunkyo-ku', 'Tokyo 112-0013', '+81-3-6902-0941', 'info@noahcorporation.com', 'http://www.noahcorporation.com', '2020-03-09 12:51:56.109', NULL),
	(_binary 0x06FDA89940564FB9B5AB81BBF68DDC64, (SELECT `id` FROM `language` WHERE `locale_id` IN (SELECT `id` FROM `locale` WHERE code = 'en-GB')), 'Komfortsound', '367 On Nut Rd., Prawet', 'Bangkok, 10250', '+66-2-837587771', 'komfortsound@hotmail.com', 'http://www.komfortsound.net/', '2020-03-09 12:51:56.016', NULL),
	(_binary 0x06FDA89940564FB9B5AB81BBF68DDC64, (SELECT `id` FROM `language` WHERE `locale_id` IN (SELECT `id` FROM `locale` WHERE code = 'de-DE')), 'Komfortsound', '367 On Nut Rd., Prawet', 'Bangkok, 10250', '+66-2-837587771', 'komfortsound@hotmail.com', 'http://www.komfortsound.net/', '2020-03-09 12:51:56.017', NULL),
	(_binary 0x07E902FA2BE24D6F801855B231DB7F5C, (SELECT `id` FROM `language` WHERE `locale_id` IN (SELECT `id` FROM `locale` WHERE code = 'en-GB')), 'Serendib Audio Visual', '754/28 Galle Road', 'LK 00400 Colombo', '+94-11-7292552', 'info@serendibav.com', 'http://www.serendibav.com', '2020-03-09 12:51:56.132', NULL),
	(_binary 0x07E902FA2BE24D6F801855B231DB7F5C, (SELECT `id` FROM `language` WHERE `locale_id` IN (SELECT `id` FROM `locale` WHERE code = 'de-DE')), 'Serendib Audio Visual', '754/28 Galle Road', 'LK 00400 Colombo', '+94-11-7292552', 'info@serendibav.com', 'http://www.serendibav.com', '2020-03-09 12:51:56.132', NULL),
	(_binary 0x0C8A838431264BE9A247EFA26C251CBE, (SELECT `id` FROM `language` WHERE `locale_id` IN (SELECT `id` FROM `locale` WHERE code = 'en-GB')), 'Hificonsult Göteborg', 'Göteborgsvägen 34', '43360 Sävedalen', '+46-31-121500', 'hificonsult@mac.com', 'www.hificonsult.se', '2020-03-09 12:51:56.494', NULL),
	(_binary 0x0C8A838431264BE9A247EFA26C251CBE, (SELECT `id` FROM `language` WHERE `locale_id` IN (SELECT `id` FROM `locale` WHERE code = 'de-DE')), 'Hificonsult Göteborg', 'Göteborgsvägen 34', '43360 Sävedalen', '+46-31-121500', 'hificonsult@mac.com', 'www.hificonsult.se', '2020-03-09 12:51:56.495', NULL),
	(_binary 0x0E35C4DB1FD6439C99B1D3B1FCA34EC9, (SELECT `id` FROM `language` WHERE `locale_id` IN (SELECT `id` FROM `locale` WHERE code = 'en-GB')), 'Auditorium GmbH', 'Feidikstraße 93', '59065 Hamm', '+49-2381-93390', 'info@auditorium.de', 'http://www.auditorium.de', '2020-03-09 12:51:55.657', NULL),
	(_binary 0x0E35C4DB1FD6439C99B1D3B1FCA34EC9, (SELECT `id` FROM `language` WHERE `locale_id` IN (SELECT `id` FROM `locale` WHERE code = 'de-DE')), 'Auditorium GmbH', 'Feidikstraße 93', '59065 Hamm', '+49-2381-93390', 'info@auditorium.de', 'http://www.auditorium.de', '2020-03-09 12:51:55.657', NULL),
	(_binary 0x10AFBA28523D4C32ADDE14E0AE397B02, (SELECT `id` FROM `language` WHERE `locale_id` IN (SELECT `id` FROM `locale` WHERE code = 'en-GB')), 'Sound Pro Lab', 'Nikoloyamskiy per., 4/6', '109004 Moscow', '+7-495-783-8553', 'info@soundprolab.ru', 'http://www.spl.ru', '2020-03-09 12:51:56.378', NULL),
	(_binary 0x10AFBA28523D4C32ADDE14E0AE397B02, (SELECT `id` FROM `language` WHERE `locale_id` IN (SELECT `id` FROM `locale` WHERE code = 'de-DE')), 'Sound Pro Lab', 'Nikoloyamskiy per., 4/6', '109004 Moscow', '+7-495-783-8553', 'info@soundprolab.ru', 'http://www.spl.ru', '2020-03-09 12:51:56.379', NULL),
	(_binary 0x11377699DC8A4221A520E16630542FCE, (SELECT `id` FROM `language` WHERE `locale_id` IN (SELECT `id` FROM `locale` WHERE code = 'en-GB')), 'PROCINT sprl', 'Rue de Chapelle 100', 'BE-1340 Ottignies', '+32(0)475 41 89 10', 'burmester@burmester.be', '', '2020-03-09 12:51:55.916', NULL),
	(_binary 0x11377699DC8A4221A520E16630542FCE, (SELECT `id` FROM `language` WHERE `locale_id` IN (SELECT `id` FROM `locale` WHERE code = 'de-DE')), 'PROCINT sprl', 'Rue de Chapelle 100', 'BE-1340 Ottignies', '+32(0)475 41 89 10', 'burmester@burmester.be', '', '2020-03-09 12:51:55.916', NULL),
	(_binary 0x165D87444C2A47F7B88ED8910A59D0F7, (SELECT `id` FROM `language` WHERE `locale_id` IN (SELECT `id` FROM `locale` WHERE code = 'en-GB')), 'Studio 26', 'Sophienstraße 26', '70178 Stuttgart', '+49-711-294444', 'info@studio26.de', 'http://www.studio26.de', '2020-03-09 12:51:55.680', NULL),
	(_binary 0x165D87444C2A47F7B88ED8910A59D0F7, (SELECT `id` FROM `language` WHERE `locale_id` IN (SELECT `id` FROM `locale` WHERE code = 'de-DE')), 'Studio 26', 'Sophienstraße 26', '70178 Stuttgart', '+49-711-294444', 'info@studio26.de', 'http://www.studio26.de', '2020-03-09 12:51:55.680', NULL),
	(_binary 0x1A8144DA3CCB418C96A3C91E404C0624, (SELECT `id` FROM `language` WHERE `locale_id` IN (SELECT `id` FROM `locale` WHERE code = 'en-GB')), 'Crescendo Experience Center', '641 County Road 39A', 'Southampton NY 11968', '+1-631-283-2133', 'sales@crescendodesigns.com', 'http://www.crescendodesigns.com', '2020-03-09 12:51:56.410', NULL),
	(_binary 0x1A8144DA3CCB418C96A3C91E404C0624, (SELECT `id` FROM `language` WHERE `locale_id` IN (SELECT `id` FROM `locale` WHERE code = 'de-DE')), 'Crescendo Experience Center', '641 County Road 39A', 'Southampton NY 11968', '+1-631-283-2133', 'sales@crescendodesigns.com', 'http://www.crescendodesigns.com', '2020-03-09 12:51:56.410', NULL),
	(_binary 0x1DCB85975C554BD1B69E80CB595B06D3, (SELECT `id` FROM `language` WHERE `locale_id` IN (SELECT `id` FROM `locale` WHERE code = 'en-GB')), 'Auditorium GmbH', 'Alter Steinweg 22-24', '48143 Münster', '+49-251-4844550', 'info@auditorium.de', 'http://www.auditorium.de', '2020-03-09 12:51:55.648', NULL),
	(_binary 0x1DCB85975C554BD1B69E80CB595B06D3, (SELECT `id` FROM `language` WHERE `locale_id` IN (SELECT `id` FROM `locale` WHERE code = 'de-DE')), 'Auditorium GmbH', 'Alter Steinweg 22-24', '48143 Münster', '+49-251-4844550', 'info@auditorium.de', 'http://www.auditorium.de', '2020-03-09 12:51:55.649', NULL),
	(_binary 0x20041B3B45BB4F27A81AC951E76265D7, (SELECT `id` FROM `language` WHERE `locale_id` IN (SELECT `id` FROM `locale` WHERE code = 'en-GB')), 'Audio Video Mir "Аудио Видео Мир"', 'D. Lutsenko Str, 12 A', 'Kiev', '+38-044-227-15-79', 'sales@audiovideomir.com.ua', 'http://www.audiovideomir.com.ua ', '2020-03-09 12:51:56.297', NULL),
	(_binary 0x20041B3B45BB4F27A81AC951E76265D7, (SELECT `id` FROM `language` WHERE `locale_id` IN (SELECT `id` FROM `locale` WHERE code = 'de-DE')), 'Audio Video Mir "Аудио Видео Мир"', 'D. Lutsenko Str, 12 A', 'Kiev', '+38-044-227-15-79', 'sales@audiovideomir.com.ua', 'http://www.audiovideomir.com.ua ', '2020-03-09 12:51:56.298', NULL),
	(_binary 0x239E7444E22F4D7CB43F31343331006E, (SELECT `id` FROM `language` WHERE `locale_id` IN (SELECT `id` FROM `locale` WHERE code = 'en-GB')), 'Max Schlundt Kultur Technik', 'Kantstraße 17', '10623 Berlin', '+49-30-31515340', 'info@maxschlundt.de', 'http://www.maxschlundt.de', '2020-03-09 12:51:55.582', NULL),
	(_binary 0x239E7444E22F4D7CB43F31343331006E, (SELECT `id` FROM `language` WHERE `locale_id` IN (SELECT `id` FROM `locale` WHERE code = 'de-DE')), 'Max Schlundt Kultur Technik', 'Kantstraße 17', '10623 Berlin', '+49-30-31515340', 'info@maxschlundt.de', 'http://www.maxschlundt.de', '2020-03-09 12:51:55.583', NULL),
	(_binary 0x28C150C9A3CC4101A99E2A9C7D949B3F, (SELECT `id` FROM `language` WHERE `locale_id` IN (SELECT `id` FROM `locale` WHERE code = 'en-GB')), 'Sound For Home (Звук Для Дома)', 'Donskaya st., 18/7', '119049 Moscow', '+7-495-972-93-50', 'info@soundforhome.ru', 'http://soundforhome.ru/', '2020-03-09 12:51:56.373', NULL),
	(_binary 0x28C150C9A3CC4101A99E2A9C7D949B3F, (SELECT `id` FROM `language` WHERE `locale_id` IN (SELECT `id` FROM `locale` WHERE code = 'de-DE')), 'Sound For Home (Звук Для Дома)', 'Donskaya st., 18/7', '119049 Moscow', '+7-495-972-93-50', 'info@soundforhome.ru', 'http://soundforhome.ru/', '2020-03-09 12:51:56.374', NULL),
	(_binary 0x2A70760899B54F5C83C62208B3407E21, (SELECT `id` FROM `language` WHERE `locale_id` IN (SELECT `id` FROM `locale` WHERE code = 'en-GB')), 'the audiophile Boutique', 'Av. Raul Labbé # 12613, Local 06', 'Lo Barnechea, Santiago', '+56-2-29549797', 'ventas@fghighend.cl', '', '2020-03-09 12:51:55.844', NULL),
	(_binary 0x2A70760899B54F5C83C62208B3407E21, (SELECT `id` FROM `language` WHERE `locale_id` IN (SELECT `id` FROM `locale` WHERE code = 'de-DE')), 'the audiophile Boutique', 'Av. Raul Labbé # 12613, Local 06', 'Lo Barnechea, Santiago', '+56-2-29549797', 'ventas@fghighend.cl', '', '2020-03-09 12:51:55.844', NULL),
	(_binary 0x35F14E5761B74063B029408746F8FC99, (SELECT `id` FROM `language` WHERE `locale_id` IN (SELECT `id` FROM `locale` WHERE code = 'en-GB')), 'Diplofer', 'Avenida Infante Dom Henrique 328-cave B', '1800-223 Lisboa', '+351-21-3214150', 'diplofer@gmail.com', '', '2020-03-09 12:51:56.077', NULL),
	(_binary 0x35F14E5761B74063B029408746F8FC99, (SELECT `id` FROM `language` WHERE `locale_id` IN (SELECT `id` FROM `locale` WHERE code = 'de-DE')), 'Diplofer', 'Avenida Infante Dom Henrique 328-cave B', '1800-223 Lisboa', '+351-21-3214150', 'diplofer@gmail.com', '', '2020-03-09 12:51:56.078', NULL),
	(_binary 0x3701C98B50484B4497C65CB56216E99F, (SELECT `id` FROM `language` WHERE `locale_id` IN (SELECT `id` FROM `locale` WHERE code = 'en-GB')), 'Hifihuone', 'Ratinankaari,  Hatanpään valtatie 11', '33100 Tampere', '+358-03-213-0750', '', 'https://www.hifihuone.fi/', '2020-03-09 12:51:56.251', NULL),
	(_binary 0x3701C98B50484B4497C65CB56216E99F, (SELECT `id` FROM `language` WHERE `locale_id` IN (SELECT `id` FROM `locale` WHERE code = 'de-DE')), 'Hifihuone', 'Ratinankaari,  Hatanpään valtatie 11', '33100 Tampere', '+358-03-213-0750', '', 'https://www.hifihuone.fi/', '2020-03-09 12:51:56.252', NULL),
	(_binary 0x39CC603826F04BF9BFC8530F2C7B4E5C, (SELECT `id` FROM `language` WHERE `locale_id` IN (SELECT `id` FROM `locale` WHERE code = 'en-GB')), 'SOUND CONCEPTS', 'UNIT NO. 1-05, 1ST FLOOR, ISLAND PLAZA, 118 JALAN TANJONG TOKONG', '10470 Penang', '+60-4-124296101', 'info@soundconcepts.biz', '', '2020-03-09 12:51:55.930', NULL),
	(_binary 0x39CC603826F04BF9BFC8530F2C7B4E5C, (SELECT `id` FROM `language` WHERE `locale_id` IN (SELECT `id` FROM `locale` WHERE code = 'de-DE')), 'SOUND CONCEPTS', 'UNIT NO. 1-05, 1ST FLOOR, ISLAND PLAZA, 118 JALAN TANJONG TOKONG', '10470 Penang', '+60-4-124296101', 'info@soundconcepts.biz', '', '2020-03-09 12:51:55.930', NULL),
	(_binary 0x3C280AB829D54AE6B46A4F9537C0AC5C, (SELECT `id` FROM `language` WHERE `locale_id` IN (SELECT `id` FROM `locale` WHERE code = 'en-GB')), 'Manhattan Crescendo Designs', '21 East 26th St.', 'New York NY. 10010', '+1-212-786-5755', 'sales@crescendodesigns.com', 'http://www.crescendodesigns.com', '2020-03-09 12:51:56.419', NULL),
	(_binary 0x3C280AB829D54AE6B46A4F9537C0AC5C, (SELECT `id` FROM `language` WHERE `locale_id` IN (SELECT `id` FROM `locale` WHERE code = 'de-DE')), 'Manhattan Crescendo Designs', '21 East 26th St.', 'New York NY. 10010', '+1-212-786-5755', 'sales@crescendodesigns.com', 'http://www.crescendodesigns.com', '2020-03-09 12:51:56.419', NULL),
	(_binary 0x3C9FE5A9FB0F4E4397992142C68FD80D, (SELECT `id` FROM `language` WHERE `locale_id` IN (SELECT `id` FROM `locale` WHERE code = 'en-GB')), 'Criterion Audio', 'Criterion House, Oakington Road', 'Girton, CB3 0QH Cambridge', '+44-1223-233730', 'media@criterionaudio.com', 'http://criterionaudio.com/', '2020-03-09 12:51:56.127', NULL),
	(_binary 0x3C9FE5A9FB0F4E4397992142C68FD80D, (SELECT `id` FROM `language` WHERE `locale_id` IN (SELECT `id` FROM `locale` WHERE code = 'de-DE')), 'Criterion Audio', 'Criterion House, Oakington Road', 'Girton, CB3 0QH Cambridge', '+44-1223-233730', 'media@criterionaudio.com', 'http://criterionaudio.com/', '2020-03-09 12:51:56.128', NULL),
	(_binary 0x419FA8D2215A472596B8A2A917D4F23A, (SELECT `id` FROM `language` WHERE `locale_id` IN (SELECT `id` FROM `locale` WHERE code = 'en-GB')), 'JUPIT Audiovision', 'Artur-Ladebeck-Straße 115', '33647 Bielefeld', '+49-521-942290', 'r.stitz@jupit.de', 'http://www.jupit.de', '2020-03-09 12:51:55.621', NULL),
	(_binary 0x419FA8D2215A472596B8A2A917D4F23A, (SELECT `id` FROM `language` WHERE `locale_id` IN (SELECT `id` FROM `locale` WHERE code = 'de-DE')), 'JUPIT Audiovision', 'Artur-Ladebeck-Straße 115', '33647 Bielefeld', '+49-521-942290', 'r.stitz@jupit.de', 'http://www.jupit.de', '2020-03-09 12:51:55.622', NULL),
	(_binary 0x430777884A83405AAE0C6AABE2E22386, (SELECT `id` FROM `language` WHERE `locale_id` IN (SELECT `id` FROM `locale` WHERE code = 'en-GB')), 'Hifi Guru Oy', 'Box 108, Martinkatu 54D', 'FIN-05801', '+358-19-418877', 'myynti@hifiguru.fi', 'http://www.hifiguru.fi', '2020-03-09 12:51:55.861', NULL),
	(_binary 0x430777884A83405AAE0C6AABE2E22386, (SELECT `id` FROM `language` WHERE `locale_id` IN (SELECT `id` FROM `locale` WHERE code = 'de-DE')), 'Hifi Guru Oy', 'Box 108, Martinkatu 54D', 'FIN-05801', '+358-19-418877', 'myynti@hifiguru.fi', 'http://www.hifiguru.fi', '2020-03-09 12:51:55.862', NULL),
	(_binary 0x450F682E8DF24E50839EA145262092DF, (SELECT `id` FROM `language` WHERE `locale_id` IN (SELECT `id` FROM `locale` WHERE code = 'en-GB')), 'Krystal Clear Audio-Video ', '4848 Lemmon Ave Ste 377', 'Dallas TX 75219', '+1-214-520-7156', 'don@kcaudio.com', 'http://www.kcaudio.com', '2020-03-09 12:51:56.484', NULL),
	(_binary 0x450F682E8DF24E50839EA145262092DF, (SELECT `id` FROM `language` WHERE `locale_id` IN (SELECT `id` FROM `locale` WHERE code = 'de-DE')), 'Krystal Clear Audio-Video ', '4848 Lemmon Ave Ste 377', 'Dallas TX 75219', '+1-214-520-7156', 'don@kcaudio.com', 'http://www.kcaudio.com', '2020-03-09 12:51:56.485', NULL),
	(_binary 0x457CF9D2DB954E12BB1FFB394B0A0393, (SELECT `id` FROM `language` WHERE `locale_id` IN (SELECT `id` FROM `locale` WHERE code = 'en-GB')), 'LMC Home Entertainment', '1705 West Ruby Drive, Suite 109', 'Tempe AZ 85284', '+1-480-403-0010', '', 'http://www.lmche.com', '2020-03-09 12:51:56.459', NULL),
	(_binary 0x457CF9D2DB954E12BB1FFB394B0A0393, (SELECT `id` FROM `language` WHERE `locale_id` IN (SELECT `id` FROM `locale` WHERE code = 'de-DE')), 'LMC Home Entertainment', '1705 West Ruby Drive, Suite 109', 'Tempe AZ 85284', '+1-480-403-0010', '', 'http://www.lmche.com', '2020-03-09 12:51:56.459', NULL),
	(_binary 0x4585E8EF399D496186CF8B9CA553DD97, (SELECT `id` FROM `language` WHERE `locale_id` IN (SELECT `id` FROM `locale` WHERE code = 'en-GB')), 'acoustic lounge', 'Stiblerstraße 5', '4950 Altheim', '+43-772342590', 'acoustic-lounge@aon.at', 'http://www.acoustic-lounge.at', '2020-03-09 12:51:55.760', NULL),
	(_binary 0x4585E8EF399D496186CF8B9CA553DD97, (SELECT `id` FROM `language` WHERE `locale_id` IN (SELECT `id` FROM `locale` WHERE code = 'de-DE')), 'acoustic lounge', 'Stiblerstraße 5', '4950 Altheim', '+43-772342590', 'acoustic-lounge@aon.at', 'http://www.acoustic-lounge.at', '2020-03-09 12:51:55.761', NULL),
	(_binary 0x4721B67700F6475A8710D39427AC5A6B, (SELECT `id` FROM `language` WHERE `locale_id` IN (SELECT `id` FROM `locale` WHERE code = 'en-GB')), 'Aug und Ohr AG', 'Heinrichstrasse 248', '8005 Zürich', '+41-44-2711222', 'info@augundohr.com', 'http://www.augundohr.com', '2020-03-09 12:51:55.790', NULL),
	(_binary 0x4721B67700F6475A8710D39427AC5A6B, (SELECT `id` FROM `language` WHERE `locale_id` IN (SELECT `id` FROM `locale` WHERE code = 'de-DE')), 'Aug und Ohr AG', 'Heinrichstrasse 248', '8005 Zürich', '+41-44-2711222', 'info@augundohr.com', 'http://www.augundohr.com', '2020-03-09 12:51:55.791', NULL),
	(_binary 0x47FD8F3162114E7AB1531C79DCDCBCEF, (SELECT `id` FROM `language` WHERE `locale_id` IN (SELECT `id` FROM `locale` WHERE code = 'en-GB')), 'HiFi Forum', 'Breslauer Straße 29', '91083 Nürnberg-Baiersdorf', '+49-9133-606290', 'mail@hififorum.de', 'http://www.hififorum.de', '2020-03-09 12:51:55.729', NULL),
	(_binary 0x47FD8F3162114E7AB1531C79DCDCBCEF, (SELECT `id` FROM `language` WHERE `locale_id` IN (SELECT `id` FROM `locale` WHERE code = 'de-DE')), 'HiFi Forum', 'Breslauer Straße 29', '91083 Nürnberg-Baiersdorf', '+49-9133-606290', 'mail@hififorum.de', 'http://www.hififorum.de', '2020-03-09 12:51:55.730', NULL),
	(_binary 0x499BA8F7C8674FEC86235C24CB148792, (SELECT `id` FROM `language` WHERE `locale_id` IN (SELECT `id` FROM `locale` WHERE code = 'en-GB')), 'Klangvilla Kolumbus GmbH', 'Karl-Rothe-Straße 4', '04105 Leipzig', '+49-341-30345811', 'info@klangvilla.de', 'http://www.klangvilla.de', '2020-03-09 12:51:55.573', NULL),
	(_binary 0x499BA8F7C8674FEC86235C24CB148792, (SELECT `id` FROM `language` WHERE `locale_id` IN (SELECT `id` FROM `locale` WHERE code = 'de-DE')), 'Klangvilla Kolumbus GmbH', 'Karl-Rothe-Straße 4', '04105 Leipzig', '+49-341-30345811', 'info@klangvilla.de', 'http://www.klangvilla.de', '2020-03-09 12:51:55.573', NULL),
	(_binary 0x49CF23C760814324A76C1229638F7C45, (SELECT `id` FROM `language` WHERE `locale_id` IN (SELECT `id` FROM `locale` WHERE code = 'en-GB')), 'HiFi Studio Bramfeld René Blievernicht GmbH', 'Bramfelder Chaussee 332', '22175 Hamburg', '+49-40-6417641', 'info@hifi-studio-bramfeld.de', 'http://www.hifi-studio-bramfeld.de', '2020-03-09 12:51:55.592', NULL),
	(_binary 0x49CF23C760814324A76C1229638F7C45, (SELECT `id` FROM `language` WHERE `locale_id` IN (SELECT `id` FROM `locale` WHERE code = 'de-DE')), 'HiFi Studio Bramfeld René Blievernicht GmbH', 'Bramfelder Chaussee 332', '22175 Hamburg', '+49-40-6417641', 'info@hifi-studio-bramfeld.de', 'http://www.hifi-studio-bramfeld.de', '2020-03-09 12:51:55.593', NULL),
	(_binary 0x4B6F539C8C0449DF901691E36A0045DE, (SELECT `id` FROM `language` WHERE `locale_id` IN (SELECT `id` FROM `locale` WHERE code = 'en-GB')), 'ELBFIDELITY', 'An der Alster 47', '20099 Hamburg', '04036852611', 'info@elbfidelity.de', 'http://www.elbfidelity.de', '2020-03-09 12:51:56.390', NULL),
	(_binary 0x4B6F539C8C0449DF901691E36A0045DE, (SELECT `id` FROM `language` WHERE `locale_id` IN (SELECT `id` FROM `locale` WHERE code = 'de-DE')), 'ELBFIDELITY', 'An der Alster 47', '20099 Hamburg', '04036852611', 'info@elbfidelity.de', 'http://www.elbfidelity.de', '2020-03-09 12:51:56.390', NULL),
	(_binary 0x55DDD01098D54220AD2CF5B757C27651, (SELECT `id` FROM `language` WHERE `locale_id` IN (SELECT `id` FROM `locale` WHERE code = 'en-GB')), 'The Music Room of Glasgow Ltd', '33 - 35 West Graham Street', 'Glasgow, Scotland G4 9LJ', '+44-141-3339700', 'jack@music-room.com', 'http://www.music-room.com', '2020-03-09 12:51:56.025', NULL),
	(_binary 0x55DDD01098D54220AD2CF5B757C27651, (SELECT `id` FROM `language` WHERE `locale_id` IN (SELECT `id` FROM `locale` WHERE code = 'de-DE')), 'The Music Room of Glasgow Ltd', '33 - 35 West Graham Street', 'Glasgow, Scotland G4 9LJ', '+44-141-3339700', 'jack@music-room.com', 'http://www.music-room.com', '2020-03-09 12:51:56.026', NULL),
	(_binary 0x5BC5625DA81A43DF941FE4DEC7182C4F, (SELECT `id` FROM `language` WHERE `locale_id` IN (SELECT `id` FROM `locale` WHERE code = 'en-GB')), 'Ubiq Audio', 'Celovška 76', 'Ljublijana, 1000', '+386-61-2362109', 'info@ubiqaudio.com', '', '2020-03-09 12:51:55.999', NULL),
	(_binary 0x5BC5625DA81A43DF941FE4DEC7182C4F, (SELECT `id` FROM `language` WHERE `locale_id` IN (SELECT `id` FROM `locale` WHERE code = 'de-DE')), 'Ubiq Audio', 'Celovška 76', 'Ljublijana, 1000', '+386-61-2362109', 'info@ubiqaudio.com', '', '2020-03-09 12:51:56.000', NULL),
	(_binary 0x6444B61D27CE4DCCB962CC55D9541C28, (SELECT `id` FROM `language` WHERE `locale_id` IN (SELECT `id` FROM `locale` WHERE code = 'en-GB')), 'TL-Audio', 'Tähtiportinkatu 18', '13130 Hämeenlinna', '+358-03-617-1018', 'tapani.lappi@tlaudio.fi', 'http://www.tlaudio.fi', '2020-03-09 12:51:56.260', NULL),
	(_binary 0x6444B61D27CE4DCCB962CC55D9541C28, (SELECT `id` FROM `language` WHERE `locale_id` IN (SELECT `id` FROM `locale` WHERE code = 'de-DE')), 'TL-Audio', 'Tähtiportinkatu 18', '13130 Hämeenlinna', '+358-03-617-1018', 'tapani.lappi@tlaudio.fi', 'http://www.tlaudio.fi', '2020-03-09 12:51:56.261', NULL),
	(_binary 0x6972FF4B702042ED97C90C79ED7D1768, (SELECT `id` FROM `language` WHERE `locale_id` IN (SELECT `id` FROM `locale` WHERE code = 'en-GB')), 'HiFi Galerie Lübeck', 'Wahmstraße 36', '23552 Lübeck', '+49-451-799800', 'hifi@jessenlenz.com', 'http://www.hifi-galerie.de', '2020-03-09 12:51:55.598', NULL),
	(_binary 0x6972FF4B702042ED97C90C79ED7D1768, (SELECT `id` FROM `language` WHERE `locale_id` IN (SELECT `id` FROM `locale` WHERE code = 'de-DE')), 'HiFi Galerie Lübeck', 'Wahmstraße 36', '23552 Lübeck', '+49-451-799800', 'hifi@jessenlenz.com', 'http://www.hifi-galerie.de', '2020-03-09 12:51:55.598', NULL),
	(_binary 0x6C977A11032548DBA2059E9195CA47CF, (SELECT `id` FROM `language` WHERE `locale_id` IN (SELECT `id` FROM `locale` WHERE code = 'en-GB')), 'Rheinklang HiFi', 'Olpener Str. 955 ', '51109 Köln ', '+49-221-843621 ', '', 'http://www.rheinklanghifi.de', '2020-03-09 12:51:56.100', NULL),
	(_binary 0x6C977A11032548DBA2059E9195CA47CF, (SELECT `id` FROM `language` WHERE `locale_id` IN (SELECT `id` FROM `locale` WHERE code = 'de-DE')), 'Rheinklang HiFi', 'Olpener Str. 955 ', '51109 Köln ', '+49-221-843621 ', '', 'http://www.rheinklanghifi.de', '2020-03-09 12:51:56.100', NULL),
	(_binary 0x6E1CDE765E0F4945AB0A7E63E6BFC4E8, (SELECT `id` FROM `language` WHERE `locale_id` IN (SELECT `id` FROM `locale` WHERE code = 'en-GB')), 'Kedcorp Pty Ltd', 'Unit 8, 509-529 Parmatta Road', 'Leichhardt NSW 2040', '+61-2-95604855', 'sales@kedcorp.com.au', 'http://kedcorp.com.au', '2020-03-09 12:51:55.799', NULL),
	(_binary 0x6E1CDE765E0F4945AB0A7E63E6BFC4E8, (SELECT `id` FROM `language` WHERE `locale_id` IN (SELECT `id` FROM `locale` WHERE code = 'de-DE')), 'Kedcorp Pty Ltd', 'Unit 8, 509-529 Parmatta Road', 'Leichhardt NSW 2040', '+61-2-95604855', 'sales@kedcorp.com.au', 'http://kedcorp.com.au', '2020-03-09 12:51:55.800', NULL),
	(_binary 0x6F3E92A2EA8040119A6677AA1730FB30, (SELECT `id` FROM `language` WHERE `locale_id` IN (SELECT `id` FROM `locale` WHERE code = 'en-GB')), 'KIROV High-End', '49, Tsaritsa Yoana Blvd.', '1324 Sofia', '+359-2-8006000', 'info@kirov-high-end.bg', 'http://www.kirov-high-end.bg/', '2020-03-09 12:51:55.831', NULL),
	(_binary 0x6F3E92A2EA8040119A6677AA1730FB30, (SELECT `id` FROM `language` WHERE `locale_id` IN (SELECT `id` FROM `locale` WHERE code = 'de-DE')), 'KIROV High-End', '49, Tsaritsa Yoana Blvd.', '1324 Sofia', '+359-2-8006000', 'info@kirov-high-end.bg', 'http://www.kirov-high-end.bg/', '2020-03-09 12:51:55.831', NULL),
	(_binary 0x7183795C73A04B3FA92FE3B57B1741CD, (SELECT `id` FROM `language` WHERE `locale_id` IN (SELECT `id` FROM `locale` WHERE code = 'en-GB')), 'Excellent Audio', 'Mal Mangga Dua No.34, Jl. Mangga Dua Raya', '10730 Jakarta Pusat', '+62-21-6019348', 'e-audio@usa.net', 'https://www.excellentaudio.net', '2020-03-09 12:51:55.884', NULL),
	(_binary 0x7183795C73A04B3FA92FE3B57B1741CD, (SELECT `id` FROM `language` WHERE `locale_id` IN (SELECT `id` FROM `locale` WHERE code = 'de-DE')), 'Excellent Audio', 'Mal Mangga Dua No.34, Jl. Mangga Dua Raya', '10730 Jakarta Pusat', '+62-21-6019348', 'e-audio@usa.net', 'https://www.excellentaudio.net', '2020-03-09 12:51:55.885', NULL),
	(_binary 0x7291E2C2C12B4EC28F3F95C7C110FE6C, (SELECT `id` FROM `language` WHERE `locale_id` IN (SELECT `id` FROM `locale` WHERE code = 'en-GB')), 'Orpheus Audio Larisa', '31st of August Blvd. #67', 'Larisa 412 21', '+30-2410-552-802', 'info@orpheusaudio.com.gr', 'http://www.orpheusaudio.com.gr', '2020-03-09 12:51:56.203', NULL),
	(_binary 0x7291E2C2C12B4EC28F3F95C7C110FE6C, (SELECT `id` FROM `language` WHERE `locale_id` IN (SELECT `id` FROM `locale` WHERE code = 'de-DE')), 'Orpheus Audio Larisa', '31st of August Blvd. #67', 'Larisa 412 21', '+30-2410-552-802', 'info@orpheusaudio.com.gr', 'http://www.orpheusaudio.com.gr', '2020-03-09 12:51:56.204', NULL),
	(_binary 0x77F1CBC62CC44A21B85F58AFBEB61489, (SELECT `id` FROM `language` WHERE `locale_id` IN (SELECT `id` FROM `locale` WHERE code = 'en-GB')), 'PROCINT sprl', 'Rue de Chapelle 100', 'BE-1340 Ottignies', '+32-475-418910', 'burmester@burmester.be', '', '2020-03-09 12:51:55.813', NULL),
	(_binary 0x77F1CBC62CC44A21B85F58AFBEB61489, (SELECT `id` FROM `language` WHERE `locale_id` IN (SELECT `id` FROM `locale` WHERE code = 'de-DE')), 'PROCINT sprl', 'Rue de Chapelle 100', 'BE-1340 Ottignies', '+32-475-418910', 'burmester@burmester.be', '', '2020-03-09 12:51:55.814', NULL),
	(_binary 0x783C44A401C74F3D9342A04602CF93E8, (SELECT `id` FROM `language` WHERE `locale_id` IN (SELECT `id` FROM `locale` WHERE code = 'en-GB')), 'Hi-Fi Studio Sulzer AG', 'Aemtlerstrasse 44', '8003 Zürich', '+41-44-4637236', 'info@hifisulzer.ch', 'http://www.hifisulzer.ch', '2020-03-09 12:51:55.782', NULL),
	(_binary 0x783C44A401C74F3D9342A04602CF93E8, (SELECT `id` FROM `language` WHERE `locale_id` IN (SELECT `id` FROM `locale` WHERE code = 'de-DE')), 'Hi-Fi Studio Sulzer AG', 'Aemtlerstrasse 44', '8003 Zürich', '+41-44-4637236', 'info@hifisulzer.ch', 'http://www.hifisulzer.ch', '2020-03-09 12:51:55.783', NULL),
	(_binary 0x7912EF8BF3A24A189FB7D36D21D72649, (SELECT `id` FROM `language` WHERE `locale_id` IN (SELECT `id` FROM `locale` WHERE code = 'en-GB')), 'Grande Primavera', 'Novorigskoye highway, «Unimall»', '143421 Moscow', '+7-495-998-55-78', 'grandeprimavera@gmail.com', 'http://www.kinoinstall.ru/', '2020-03-09 12:51:56.354', NULL),
	(_binary 0x7912EF8BF3A24A189FB7D36D21D72649, (SELECT `id` FROM `language` WHERE `locale_id` IN (SELECT `id` FROM `locale` WHERE code = 'de-DE')), 'Grande Primavera', 'Novorigskoye highway, «Unimall»', '143421 Moscow', '+7-495-998-55-78', 'grandeprimavera@gmail.com', 'http://www.kinoinstall.ru/', '2020-03-09 12:51:56.355', NULL),
	(_binary 0x7AD029937A4849DFA3A63A0AC5E4FFC5, (SELECT `id` FROM `language` WHERE `locale_id` IN (SELECT `id` FROM `locale` WHERE code = 'en-GB')), 'Franz Stöger GmbH TON ART Hifi-Studio', 'Freileiten 6', '4840 Vöcklabruck', '+43-7672-24111', '', 'http://www.tonart-stoeger.at', '2020-03-09 12:51:55.752', NULL),
	(_binary 0x7AD029937A4849DFA3A63A0AC5E4FFC5, (SELECT `id` FROM `language` WHERE `locale_id` IN (SELECT `id` FROM `locale` WHERE code = 'de-DE')), 'Franz Stöger GmbH TON ART Hifi-Studio', 'Freileiten 6', '4840 Vöcklabruck', '+43-7672-24111', '', 'http://www.tonart-stoeger.at', '2020-03-09 12:51:55.756', NULL),
	(_binary 0x7B8DC301F1E64CDBA7F3523B2F72A7E0, (SELECT `id` FROM `language` WHERE `locale_id` IN (SELECT `id` FROM `locale` WHERE code = 'en-GB')), 'Orpheus Audio Corinthos', '50 Aratou Street', 'Corinth 201 00', '+30-27410-21033', 'orpheus2@otenet.gr', 'http://www.orpheusaudio.gr', '2020-03-09 12:51:56.224', NULL),
	(_binary 0x7B8DC301F1E64CDBA7F3523B2F72A7E0, (SELECT `id` FROM `language` WHERE `locale_id` IN (SELECT `id` FROM `locale` WHERE code = 'de-DE')), 'Orpheus Audio Corinthos', '50 Aratou Street', 'Corinth 201 00', '+30-27410-21033', 'orpheus2@otenet.gr', 'http://www.orpheusaudio.gr', '2020-03-09 12:51:56.225', NULL),
	(_binary 0x7CECDB62209D490194EB846FA4A79EAE, (SELECT `id` FROM `language` WHERE `locale_id` IN (SELECT `id` FROM `locale` WHERE code = 'en-GB')), 'Barnsly Sound Organization', '3  bld.1,  Signalny  proezd', '127106  Moscow', '+7-495-9270194', 'info@barnsly.ru', 'http://barnsly.ru/', '2020-03-09 12:51:55.977', NULL),
	(_binary 0x7CECDB62209D490194EB846FA4A79EAE, (SELECT `id` FROM `language` WHERE `locale_id` IN (SELECT `id` FROM `locale` WHERE code = 'de-DE')), 'Barnsly Sound Organization', '3  bld.1,  Signalny  proezd', '127106  Moscow', '+7-495-9270194', 'info@barnsly.ru', 'http://barnsly.ru/', '2020-03-09 12:51:55.978', NULL),
	(_binary 0x8031DA9806344A68AC96588DE71A601D, (SELECT `id` FROM `language` WHERE `locale_id` IN (SELECT `id` FROM `locale` WHERE code = 'en-GB')), 'Jordan Acoustics - Bournemouth', 'Unit 2 - The Old Cart Building, Parley Court Barns, Parley Green Lane', 'Hurn, Dorset BH23 6BB', '+44-1202-911886', 'bournemouth@jordanacoustics.co.uk', 'http://jordanacoustics.co.uk', '2020-03-09 12:51:56.038', NULL),
	(_binary 0x8031DA9806344A68AC96588DE71A601D, (SELECT `id` FROM `language` WHERE `locale_id` IN (SELECT `id` FROM `locale` WHERE code = 'de-DE')), 'Jordan Acoustics - Bournemouth', 'Unit 2 - The Old Cart Building, Parley Court Barns, Parley Green Lane', 'Hurn, Dorset BH23 6BB', '+44-1202-911886', 'bournemouth@jordanacoustics.co.uk', 'http://jordanacoustics.co.uk', '2020-03-09 12:51:56.039', NULL),
	(_binary 0x867DAF0BD5014ACD88BD66287393BF34, (SELECT `id` FROM `language` WHERE `locale_id` IN (SELECT `id` FROM `locale` WHERE code = 'en-GB')), 'HiFi-Studio Wittmann', 'Bruchnerstraße 17', '70195 Stuttgart', '+49711-696-774', 'info@wittmann-hifi.de', 'http://www.wittmann-hifi.de', '2020-03-09 12:51:56.405', NULL),
	(_binary 0x867DAF0BD5014ACD88BD66287393BF34, (SELECT `id` FROM `language` WHERE `locale_id` IN (SELECT `id` FROM `locale` WHERE code = 'de-DE')), 'HiFi-Studio Wittmann', 'Bruchnerstraße 17', '70195 Stuttgart', '+49711-696-774', 'info@wittmann-hifi.de', 'http://www.wittmann-hifi.de', '2020-03-09 12:51:56.406', NULL),
	(_binary 0x88241671866A4ACE8615B84ED91D8409, (SELECT `id` FROM `language` WHERE `locale_id` IN (SELECT `id` FROM `locale` WHERE code = 'en-GB')), 'Hifi Referenz Bauer & Hennig GmbH', 'Steinstraße 31', '40210 Düsseldorf', '+49-211-325152', 'mail@hifi-referenz.de', 'http://www.hifi-referenz.de', '2020-03-09 12:51:55.635', NULL),
	(_binary 0x88241671866A4ACE8615B84ED91D8409, (SELECT `id` FROM `language` WHERE `locale_id` IN (SELECT `id` FROM `locale` WHERE code = 'de-DE')), 'Hifi Referenz Bauer & Hennig GmbH', 'Steinstraße 31', '40210 Düsseldorf', '+49-211-325152', 'mail@hifi-referenz.de', 'http://www.hifi-referenz.de', '2020-03-09 12:51:55.636', NULL),
	(_binary 0x8BF2C5EDA88140D2A323ADF2700E0377, (SELECT `id` FROM `language` WHERE `locale_id` IN (SELECT `id` FROM `locale` WHERE code = 'en-GB')), 'GR Media Solutions LTD', 'HDS Business Centre - Office #3708', 'Jumeriah Lake Towers - Cluster M', '+971-4-457-2188 ', 'team@grmediasolutions.com', 'http://www.grmediasolutions.com', '2020-03-09 12:51:56.243', NULL),
	(_binary 0x8BF2C5EDA88140D2A323ADF2700E0377, (SELECT `id` FROM `language` WHERE `locale_id` IN (SELECT `id` FROM `locale` WHERE code = 'de-DE')), 'GR Media Solutions LTD', 'HDS Business Centre - Office #3708', 'Jumeriah Lake Towers - Cluster M', '+971-4-457-2188 ', 'team@grmediasolutions.com', 'http://www.grmediasolutions.com', '2020-03-09 12:51:56.243', NULL),
	(_binary 0x8DB409095DB44CBFA6802955157E1974, (SELECT `id` FROM `language` WHERE `locale_id` IN (SELECT `id` FROM `locale` WHERE code = 'en-GB')), 'Tmi Asko Rinneaho', 'Saarijärvi', '43220 Mahlu', '+358-0400-644-042', 'a.rinneaho@hotmail.com', '', '2020-03-09 12:51:56.265', NULL),
	(_binary 0x8DB409095DB44CBFA6802955157E1974, (SELECT `id` FROM `language` WHERE `locale_id` IN (SELECT `id` FROM `locale` WHERE code = 'de-DE')), 'Tmi Asko Rinneaho', 'Saarijärvi', '43220 Mahlu', '+358-0400-644-042', 'a.rinneaho@hotmail.com', '', '2020-03-09 12:51:56.265', NULL),
	(_binary 0x8F24EE4698AD42A19DBFBF78B6863137, (SELECT `id` FROM `language` WHERE `locale_id` IN (SELECT `id` FROM `locale` WHERE code = 'en-GB')), 'Radio Ferner GmbH', 'Neue Straße 22-23', '38100 Braunschweig', '+49-531-49487', 'verkauf@radio-ferner.com', 'http://www.radio-ferner.com/hoeren/', '2020-03-09 12:51:55.627', NULL),
	(_binary 0x8F24EE4698AD42A19DBFBF78B6863137, (SELECT `id` FROM `language` WHERE `locale_id` IN (SELECT `id` FROM `locale` WHERE code = 'de-DE')), 'Radio Ferner GmbH', 'Neue Straße 22-23', '38100 Braunschweig', '+49-531-49487', 'verkauf@radio-ferner.com', 'http://www.radio-ferner.com/hoeren/', '2020-03-09 12:51:55.627', NULL),
	(_binary 0x90BCFD99A0C145189F83402A357FA1B5, (SELECT `id` FROM `language` WHERE `locale_id` IN (SELECT `id` FROM `locale` WHERE code = 'en-GB')), 'Salon Hi-Fi "Салон Hi-Fi"', 'Krasnoshkolnaya Nab, 18', 'Kharkov', '+38-067-710-22-04', 'info@hifi-kharkov.com.ua', 'http://www.hifi-kharkov.com.ua ', '2020-03-09 12:51:56.315', NULL),
	(_binary 0x90BCFD99A0C145189F83402A357FA1B5, (SELECT `id` FROM `language` WHERE `locale_id` IN (SELECT `id` FROM `locale` WHERE code = 'de-DE')), 'Salon Hi-Fi "Салон Hi-Fi"', 'Krasnoshkolnaya Nab, 18', 'Kharkov', '+38-067-710-22-04', 'info@hifi-kharkov.com.ua', 'http://www.hifi-kharkov.com.ua ', '2020-03-09 12:51:56.316', NULL),
	(_binary 0x91FB829397704E5D9711C57060ECC666, (SELECT `id` FROM `language` WHERE `locale_id` IN (SELECT `id` FROM `locale` WHERE code = 'en-GB')), 'Orpheus Audio Patrta', '67 Korinthou Street', 'Patra 262 23', '+30-2610-434542', 'info@hi-fi.gr', 'http://www.hi-fi.gr', '2020-03-09 12:51:56.229', NULL),
	(_binary 0x91FB829397704E5D9711C57060ECC666, (SELECT `id` FROM `language` WHERE `locale_id` IN (SELECT `id` FROM `locale` WHERE code = 'de-DE')), 'Orpheus Audio Patrta', '67 Korinthou Street', 'Patra 262 23', '+30-2610-434542', 'info@hi-fi.gr', 'http://www.hi-fi.gr', '2020-03-09 12:51:56.230', NULL),
	(_binary 0x92695345FBEA4CD1843591110CB59862, (SELECT `id` FROM `language` WHERE `locale_id` IN (SELECT `id` FROM `locale` WHERE code = 'en-GB')), 'Oslo Hi-Fi Center (Distributor & Dealer)', 'Dronning Maudsgt. 1-3', '0250 Oslo', '+47-22-010430', 'info@oslohificenter.no', 'https://oslohificenter.no', '2020-03-09 12:51:55.946', NULL),
	(_binary 0x92695345FBEA4CD1843591110CB59862, (SELECT `id` FROM `language` WHERE `locale_id` IN (SELECT `id` FROM `locale` WHERE code = 'de-DE')), 'Oslo Hi-Fi Center (Distributor & Dealer)', 'Dronning Maudsgt. 1-3', '0250 Oslo', '+47-22-010430', 'info@oslohificenter.no', 'https://oslohificenter.no', '2020-03-09 12:51:55.947', NULL),
	(_binary 0x92D07D8CB1294D44AC51A39DF980023C, (SELECT `id` FROM `language` WHERE `locale_id` IN (SELECT `id` FROM `locale` WHERE code = 'en-GB')), 'Richcoln Company Limited', '5/F,Siu On Centre, 188 Lockhard Road,', 'Wanchai, Hong Kong', '+852-24898068', 'rcl@richcoln.com', 'http://www.richcoln.com', '2020-03-09 12:51:55.875', NULL),
	(_binary 0x92D07D8CB1294D44AC51A39DF980023C, (SELECT `id` FROM `language` WHERE `locale_id` IN (SELECT `id` FROM `locale` WHERE code = 'de-DE')), 'Richcoln Company Limited', '5/F,Siu On Centre, 188 Lockhard Road,', 'Wanchai, Hong Kong', '+852-24898068', 'rcl@richcoln.com', 'http://www.richcoln.com', '2020-03-09 12:51:55.876', NULL),
	(_binary 0x93AE03EC8C0D432C83845C0005C2ABCB, (SELECT `id` FROM `language` WHERE `locale_id` IN (SELECT `id` FROM `locale` WHERE code = 'en-GB')), 'Il Tempio SRL.', 'Via Vicenza 12 A', '95127 Catania', '+39-95-3495976278', 'dariocandarella@icloud.com', 'http://www.iltempioesoterico.it', '2020-03-09 12:51:55.898', NULL),
	(_binary 0x93AE03EC8C0D432C83845C0005C2ABCB, (SELECT `id` FROM `language` WHERE `locale_id` IN (SELECT `id` FROM `locale` WHERE code = 'de-DE')), 'Il Tempio SRL.', 'Via Vicenza 12 A', '95127 Catania', '+39-95-3495976278', 'dariocandarella@icloud.com', 'http://www.iltempioesoterico.it', '2020-03-09 12:51:55.899', NULL),
	(_binary 0x9691F895D88441CAB270708F9C226461, (SELECT `id` FROM `language` WHERE `locale_id` IN (SELECT `id` FROM `locale` WHERE code = 'en-GB')), 'LMC Home Entertainment', '15507 N. Scottsdale Road, Suite 135', 'Scottsdale AZ 85254', '+1-480-403-0011', 'mike@lmche.com', 'http://www.lmche.com', '2020-03-09 12:51:56.454', NULL),
	(_binary 0x9691F895D88441CAB270708F9C226461, (SELECT `id` FROM `language` WHERE `locale_id` IN (SELECT `id` FROM `locale` WHERE code = 'de-DE')), 'LMC Home Entertainment', '15507 N. Scottsdale Road, Suite 135', 'Scottsdale AZ 85254', '+1-480-403-0011', 'mike@lmche.com', 'http://www.lmche.com', '2020-03-09 12:51:56.454', NULL),
	(_binary 0x9A9A1AF727FC4580B6869FDFC1305D4B, (SELECT `id` FROM `language` WHERE `locale_id` IN (SELECT `id` FROM `locale` WHERE code = 'en-GB')), 'Stereo Planet', 'Sf. Elefterie 3A', 'Bucharest 050523', '+40-21-749173333', 'office@dvdplanet.ro', 'http://www.stereoplanet.ro', '2020-03-09 12:51:55.968', NULL),
	(_binary 0x9A9A1AF727FC4580B6869FDFC1305D4B, (SELECT `id` FROM `language` WHERE `locale_id` IN (SELECT `id` FROM `locale` WHERE code = 'de-DE')), 'Stereo Planet', 'Sf. Elefterie 3A', 'Bucharest 050523', '+40-21-749173333', 'office@dvdplanet.ro', 'http://www.stereoplanet.ro', '2020-03-09 12:51:55.969', NULL),
	(_binary 0xA07EE1DF2FBD41D1B9423FC5645770DC, (SELECT `id` FROM `language` WHERE `locale_id` IN (SELECT `id` FROM `locale` WHERE code = 'en-GB')), 'HiFi City', 'Martinistraße 57', '28195 Bremen', '+49-421-558694', 'hifi-city@revox-atelier.de', 'http://www.hifi-city-bremen.de', '2020-03-09 12:51:55.603', NULL),
	(_binary 0xA07EE1DF2FBD41D1B9423FC5645770DC, (SELECT `id` FROM `language` WHERE `locale_id` IN (SELECT `id` FROM `locale` WHERE code = 'de-DE')), 'HiFi City', 'Martinistraße 57', '28195 Bremen', '+49-421-558694', 'hifi-city@revox-atelier.de', 'http://www.hifi-city-bremen.de', '2020-03-09 12:51:55.604', NULL),
	(_binary 0xA19CC3DC895940E7846B5751A3EE49CB, (SELECT `id` FROM `language` WHERE `locale_id` IN (SELECT `id` FROM `locale` WHERE code = 'en-GB')), 'HiFi Profis', 'Große Friedberger Straße 23-27', '60313 Frankfurt', '+49-69-287928', 'info@raum-ton-kunst.de', 'http://www.hifi-profis.de', '2020-03-09 12:51:55.666', NULL),
	(_binary 0xA19CC3DC895940E7846B5751A3EE49CB, (SELECT `id` FROM `language` WHERE `locale_id` IN (SELECT `id` FROM `locale` WHERE code = 'de-DE')), 'HiFi Profis', 'Große Friedberger Straße 23-27', '60313 Frankfurt', '+49-69-287928', 'info@raum-ton-kunst.de', 'http://www.hifi-profis.de', '2020-03-09 12:51:55.667', NULL),
	(_binary 0xA8CE1A9D47B44613951888D51D20D7D4, (SELECT `id` FROM `language` WHERE `locale_id` IN (SELECT `id` FROM `locale` WHERE code = 'en-GB')), 'Midland Audio X-Change Ltd.', 'The Old Chapel, Forge Lane, Belbroughton', 'Worcestershire, DY9 9TD', '+44-1562-731100', 'sales@midlandaudiox-change.co.uk', 'http://www.midlandaudiox-change.co.uk', '2020-03-09 12:51:56.029', NULL),
	(_binary 0xA8CE1A9D47B44613951888D51D20D7D4, (SELECT `id` FROM `language` WHERE `locale_id` IN (SELECT `id` FROM `locale` WHERE code = 'de-DE')), 'Midland Audio X-Change Ltd.', 'The Old Chapel, Forge Lane, Belbroughton', 'Worcestershire, DY9 9TD', '+44-1562-731100', 'sales@midlandaudiox-change.co.uk', 'http://www.midlandaudiox-change.co.uk', '2020-03-09 12:51:56.030', NULL),
	(_binary 0xB792E93EB70A4FDC9AB9FF969FE6E3DD, (SELECT `id` FROM `language` WHERE `locale_id` IN (SELECT `id` FROM `locale` WHERE code = 'en-GB')), 'Amiouni Trading Co. SAL', 'Grey Center, Jdeideh Blvd., P.O. Box 70-718 Antelias', 'Beirut', '+961-1-493227', 'info@amiouni.com', '', '2020-03-09 12:51:55.907', NULL),
	(_binary 0xB792E93EB70A4FDC9AB9FF969FE6E3DD, (SELECT `id` FROM `language` WHERE `locale_id` IN (SELECT `id` FROM `locale` WHERE code = 'de-DE')), 'Amiouni Trading Co. SAL', 'Grey Center, Jdeideh Blvd., P.O. Box 70-718 Antelias', 'Beirut', '+961-1-493227', 'info@amiouni.com', '', '2020-03-09 12:51:55.908', NULL),
	(_binary 0xB799990A9A8441C785840BD179A4883D, (SELECT `id` FROM `language` WHERE `locale_id` IN (SELECT `id` FROM `locale` WHERE code = 'en-GB')), 'Richcoln Company Limited', '5/F,Siu On Centre, 188 Lockhard Road,', 'Wanchai, Hong Kong', '+852-24898068', 'rcl@richcoln.com', 'http://www.richcoln.com', '2020-03-09 12:51:55.955', NULL),
	(_binary 0xB799990A9A8441C785840BD179A4883D, (SELECT `id` FROM `language` WHERE `locale_id` IN (SELECT `id` FROM `locale` WHERE code = 'de-DE')), 'Richcoln Company Limited', '5/F,Siu On Centre, 188 Lockhard Road,', 'Wanchai, Hong Kong', '+852-24898068', 'rcl@richcoln.com', 'http://www.richcoln.com', '2020-03-09 12:51:55.956', NULL),
	(_binary 0xB7F1B31E2351437798EC960ECED5667E, (SELECT `id` FROM `language` WHERE `locale_id` IN (SELECT `id` FROM `locale` WHERE code = 'en-GB')), 'Orpheus Audio', 'Stounari 46', '10433 Athen', '+30-210-5221524', 'sales@orpheusaudio.gr', 'http://www.orpheusaudio.gr', '2020-03-09 12:51:55.866', NULL),
	(_binary 0xB7F1B31E2351437798EC960ECED5667E, (SELECT `id` FROM `language` WHERE `locale_id` IN (SELECT `id` FROM `locale` WHERE code = 'de-DE')), 'Orpheus Audio', 'Stounari 46', '10433 Athen', '+30-210-5221524', 'sales@orpheusaudio.gr', 'http://www.orpheusaudio.gr', '2020-03-09 12:51:55.867', NULL),
	(_binary 0xB857E7ED791340428B7476E023444322, (SELECT `id` FROM `language` WHERE `locale_id` IN (SELECT `id` FROM `locale` WHERE code = 'en-GB')), 'Novacústica', 'Rua Milagre das Rosas, 31', 'Santa Clara, 3040-263 Coimbra', '+351-239-444-677', 'novacustica.hifi@gmail.com', 'http://www.novacusticahifi.com/', '2020-03-09 12:51:56.154', NULL),
	(_binary 0xB857E7ED791340428B7476E023444322, (SELECT `id` FROM `language` WHERE `locale_id` IN (SELECT `id` FROM `locale` WHERE code = 'de-DE')), 'Novacústica', 'Rua Milagre das Rosas, 31', 'Santa Clara, 3040-263 Coimbra', '+351-239-444-677', 'novacustica.hifi@gmail.com', 'http://www.novacusticahifi.com/', '2020-03-09 12:51:56.155', NULL),
	(_binary 0xB867DB023FAE4405A1B3E650CBE4AA01, (SELECT `id` FROM `language` WHERE `locale_id` IN (SELECT `id` FROM `locale` WHERE code = 'en-GB')), 'Orpheus Audio Petroupoli', 'Palaiologou K. 6', 'Petroupoli 132 31', '+30-210-506-6320', 'info@orpheusaudio2.gr', 'http://www.orpheusaudio2.gr', '2020-03-09 12:51:56.185', NULL),
	(_binary 0xB867DB023FAE4405A1B3E650CBE4AA01, (SELECT `id` FROM `language` WHERE `locale_id` IN (SELECT `id` FROM `locale` WHERE code = 'de-DE')), 'Orpheus Audio Petroupoli', 'Palaiologou K. 6', 'Petroupoli 132 31', '+30-210-506-6320', 'info@orpheusaudio2.gr', 'http://www.orpheusaudio2.gr', '2020-03-09 12:51:56.186', NULL),
	(_binary 0xB9EE3554B5EE442CA84E52D471432A22, (SELECT `id` FROM `language` WHERE `locale_id` IN (SELECT `id` FROM `locale` WHERE code = 'en-GB')), 'Richcoln Company Limited', '5/F,Siu On Centre, 188 Lockhard Road,', 'Wanchai, Hong Kong', '+86-852-24898068', 'rcl@richcoln.com', 'http://www.richcoln.com', '2020-03-09 12:51:56.122', NULL),
	(_binary 0xB9EE3554B5EE442CA84E52D471432A22, (SELECT `id` FROM `language` WHERE `locale_id` IN (SELECT `id` FROM `locale` WHERE code = 'de-DE')), 'Richcoln Company Limited', '5/F,Siu On Centre, 188 Lockhard Road,', 'Wanchai, Hong Kong', '+86-852-24898068', 'rcl@richcoln.com', 'http://www.richcoln.com', '2020-03-09 12:51:56.123', NULL),
	(_binary 0xBC15D08DE2DF442C9AC1C095EE0247E9, (SELECT `id` FROM `language` WHERE `locale_id` IN (SELECT `id` FROM `locale` WHERE code = 'en-GB')), 'Rutherford Audio Inc.', '11420 Blacksmith Place', 'Richmond, B.C., V7A 4X1', '+1-303-8726285', 'info@burmester.audio', 'http://www.rutherfordaudio.com', '2020-03-09 12:51:55.836', NULL),
	(_binary 0xBC15D08DE2DF442C9AC1C095EE0247E9, (SELECT `id` FROM `language` WHERE `locale_id` IN (SELECT `id` FROM `locale` WHERE code = 'de-DE')), 'Rutherford Audio Inc.', '11420 Blacksmith Place', 'Richmond, B.C., V7A 4X1', '+1-303-8726285', 'info@burmester.audio', 'http://www.rutherfordaudio.com', '2020-03-09 12:51:55.836', NULL),
	(_binary 0xBC489FF022914968A8755092D3C22A9B, (SELECT `id` FROM `language` WHERE `locale_id` IN (SELECT `id` FROM `locale` WHERE code = 'en-GB')), 'Musicdoor HIFI Sagl', 'via Madonnetta 27', '6900 Lugano', '+41-91-9213661', 'info@musicdoor.com', 'http://www.musicdoor.com', '2020-03-09 12:51:55.774', NULL),
	(_binary 0xBC489FF022914968A8755092D3C22A9B, (SELECT `id` FROM `language` WHERE `locale_id` IN (SELECT `id` FROM `locale` WHERE code = 'de-DE')), 'Musicdoor HIFI Sagl', 'via Madonnetta 27', '6900 Lugano', '+41-91-9213661', 'info@musicdoor.com', 'http://www.musicdoor.com', '2020-03-09 12:51:55.774', NULL),
	(_binary 0xC290252A340F42FA93A212387F2BB254, (SELECT `id` FROM `language` WHERE `locale_id` IN (SELECT `id` FROM `locale` WHERE code = 'en-GB')), 'Studio HiFi - Diapason', '101 Ilioupoleos str ', 'Dafni 172 37', '+30-210-976-5076', 'info@studiohi-fi.gr', 'http://www.diapasonhifi.gr', '2020-03-09 12:51:56.234', NULL),
	(_binary 0xC290252A340F42FA93A212387F2BB254, (SELECT `id` FROM `language` WHERE `locale_id` IN (SELECT `id` FROM `locale` WHERE code = 'de-DE')), 'Studio HiFi - Diapason', '101 Ilioupoleos str ', 'Dafni 172 37', '+30-210-976-5076', 'info@studiohi-fi.gr', 'http://www.diapasonhifi.gr', '2020-03-09 12:51:56.234', NULL),
	(_binary 0xC4A1363E6EFC440CA7257C5D16C0925E, (SELECT `id` FROM `language` WHERE `locale_id` IN (SELECT `id` FROM `locale` WHERE code = 'en-GB')), 'APTRONICS AUDIO', '9 Ho Ba Mau street, Dong Da district', 'Hanoi', '+84-4-39749618', '', 'http://www.aptronicsaudio.vn', '2020-03-09 12:51:56.060', NULL),
	(_binary 0xC4A1363E6EFC440CA7257C5D16C0925E, (SELECT `id` FROM `language` WHERE `locale_id` IN (SELECT `id` FROM `locale` WHERE code = 'de-DE')), 'APTRONICS AUDIO', '9 Ho Ba Mau street, Dong Da district', 'Hanoi', '+84-4-39749618', '', 'http://www.aptronicsaudio.vn', '2020-03-09 12:51:56.061', NULL),
	(_binary 0xC5F1545800EE457AAC33A2FF4673FF5F, (SELECT `id` FROM `language` WHERE `locale_id` IN (SELECT `id` FROM `locale` WHERE code = 'en-GB')), 'Rohrer Multimedia AG Hi-Fi und Homecinema', 'Belpbergstrasse 14', '3125 Toffen/BE', '+41-31-8194477', 'info@rohrerhifi.ch', 'http://www.rohrerhifi.ch', '2020-03-09 12:51:55.765', NULL),
	(_binary 0xC5F1545800EE457AAC33A2FF4673FF5F, (SELECT `id` FROM `language` WHERE `locale_id` IN (SELECT `id` FROM `locale` WHERE code = 'de-DE')), 'Rohrer Multimedia AG Hi-Fi und Homecinema', 'Belpbergstrasse 14', '3125 Toffen/BE', '+41-31-8194477', 'info@rohrerhifi.ch', 'http://www.rohrerhifi.ch', '2020-03-09 12:51:55.766', NULL),
	(_binary 0xC6D149D6882644E8B6579DAC2AD3697D, (SELECT `id` FROM `language` WHERE `locale_id` IN (SELECT `id` FROM `locale` WHERE code = 'en-GB')), 'Downtown HiFi', 'Garnisongasse 9', '1090 Wien', '+43-1-2121938', '1020@sound-gallery.at', 'http://www.sound-gallery.at/wien/home.html', '2020-03-09 12:51:55.743', NULL),
	(_binary 0xC6D149D6882644E8B6579DAC2AD3697D, (SELECT `id` FROM `language` WHERE `locale_id` IN (SELECT `id` FROM `locale` WHERE code = 'de-DE')), 'Downtown HiFi', 'Garnisongasse 9', '1090 Wien', '+43-1-2121938', '1020@sound-gallery.at', 'http://www.sound-gallery.at/wien/home.html', '2020-03-09 12:51:55.743', NULL),
	(_binary 0xC79CFBD3246148E28E16E6529615852C, (SELECT `id` FROM `language` WHERE `locale_id` IN (SELECT `id` FROM `locale` WHERE code = 'en-GB')), 'Perfect Sound Group', 'Cercanska 640/30', '140 00 Praha 4 – Krc', '+420-2-272658390', 'ludvik.zabak@perfectsoundgroup.cz', 'http://www.perfectsoundgroup.cz', '2020-03-09 12:51:55.854', NULL),
	(_binary 0xC79CFBD3246148E28E16E6529615852C, (SELECT `id` FROM `language` WHERE `locale_id` IN (SELECT `id` FROM `locale` WHERE code = 'de-DE')), 'Perfect Sound Group', 'Cercanska 640/30', '140 00 Praha 4 – Krc', '+420-2-272658390', 'ludvik.zabak@perfectsoundgroup.cz', 'http://www.perfectsoundgroup.cz', '2020-03-09 12:51:55.854', NULL),
	(_binary 0xCD4ACE00EB4F4F43AA3708323AB93B45, (SELECT `id` FROM `language` WHERE `locale_id` IN (SELECT `id` FROM `locale` WHERE code = 'en-GB')), 'HiFi Pawlak!', 'Schwarze Meer 12', '45127 Essen', '+49-201-236388', 'pawlak@hifi-pawlak.de', 'http://www.hifi-pawlak.de', '2020-03-09 12:51:55.644', NULL),
	(_binary 0xCD4ACE00EB4F4F43AA3708323AB93B45, (SELECT `id` FROM `language` WHERE `locale_id` IN (SELECT `id` FROM `locale` WHERE code = 'de-DE')), 'HiFi Pawlak!', 'Schwarze Meer 12', '45127 Essen', '+49-201-236388', 'pawlak@hifi-pawlak.de', 'http://www.hifi-pawlak.de', '2020-03-09 12:51:55.644', NULL),
	(_binary 0xCE67B89ABBEC4A068B211A0B6A24AB42, (SELECT `id` FROM `language` WHERE `locale_id` IN (SELECT `id` FROM `locale` WHERE code = 'en-GB')), 'Audio Lounge Ltd.', '138 Wigmore Street', 'W1U 3SG London', '+44-20-74874080', 'luke@audiolounge.co.uk', 'https://audiolounge.co.uk', '2020-03-09 12:51:56.047', NULL),
	(_binary 0xCE67B89ABBEC4A068B211A0B6A24AB42, (SELECT `id` FROM `language` WHERE `locale_id` IN (SELECT `id` FROM `locale` WHERE code = 'de-DE')), 'Audio Lounge Ltd.', '138 Wigmore Street', 'W1U 3SG London', '+44-20-74874080', 'luke@audiolounge.co.uk', 'https://audiolounge.co.uk', '2020-03-09 12:51:56.047', NULL),
	(_binary 0xCE85DD0DEBA844BE83D6B567F0273A77, (SELECT `id` FROM `language` WHERE `locale_id` IN (SELECT `id` FROM `locale` WHERE code = 'en-GB')), 'Burmester Audiosysteme GmbH', 'Wilhelm-Kabus-Straße 47', '10829 Berlin', '+49-30-7879680', 'mail@burmester.de', '', '2020-03-09 12:51:55.804', NULL),
	(_binary 0xCE85DD0DEBA844BE83D6B567F0273A77, (SELECT `id` FROM `language` WHERE `locale_id` IN (SELECT `id` FROM `locale` WHERE code = 'de-DE')), 'Burmester Audiosysteme GmbH', 'Wilhelm-Kabus-Straße 47', '10829 Berlin', '+49-30-7879680', 'mail@burmester.de', '', '2020-03-09 12:51:55.805', NULL),
	(_binary 0xCF8422D1AF4E497AB1910E6979F27602, (SELECT `id` FROM `language` WHERE `locale_id` IN (SELECT `id` FROM `locale` WHERE code = 'en-GB')), 'RAE-Akustik GmbH', 'Dahlenburger Landstraße 72', '21337 Lüneburg', '+49-4131-684281', 'info@rae-akustik.de', 'https://www.rae-akustik.de', '2020-03-09 12:51:55.587', NULL),
	(_binary 0xCF8422D1AF4E497AB1910E6979F27602, (SELECT `id` FROM `language` WHERE `locale_id` IN (SELECT `id` FROM `locale` WHERE code = 'de-DE')), 'RAE-Akustik GmbH', 'Dahlenburger Landstraße 72', '21337 Lüneburg', '+49-4131-684281', 'info@rae-akustik.de', 'https://www.rae-akustik.de', '2020-03-09 12:51:55.588', NULL),
	(_binary 0xCFE14A6335F24CB1A51CE27C6EE0CA47, (SELECT `id` FROM `language` WHERE `locale_id` IN (SELECT `id` FROM `locale` WHERE code = 'en-GB')), '3. Dimension', 'Heimeranstraße 68', '80339 München', '+49-89-54034323', 'info@zurdrittendimension.de', 'http://www.zurdrittendimension.de', '2020-03-09 12:51:55.704', NULL),
	(_binary 0xCFE14A6335F24CB1A51CE27C6EE0CA47, (SELECT `id` FROM `language` WHERE `locale_id` IN (SELECT `id` FROM `locale` WHERE code = 'de-DE')), '3. Dimension', 'Heimeranstraße 68', '80339 München', '+49-89-54034323', 'info@zurdrittendimension.de', 'http://www.zurdrittendimension.de', '2020-03-09 12:51:55.704', NULL),
	(_binary 0xD18B37EC1EF14CEB8B5A1BBF5A9F869D, (SELECT `id` FROM `language` WHERE `locale_id` IN (SELECT `id` FROM `locale` WHERE code = 'en-GB')), 'Salon HiFi', 'Strelbishchenskiy per., 5', '123317 Moscow', '+7-495-797-84-83', 'info@salonhifi.ru', 'http://www.salonhifi.ru/', '2020-03-09 12:51:56.368', NULL),
	(_binary 0xD18B37EC1EF14CEB8B5A1BBF5A9F869D, (SELECT `id` FROM `language` WHERE `locale_id` IN (SELECT `id` FROM `locale` WHERE code = 'de-DE')), 'Salon HiFi', 'Strelbishchenskiy per., 5', '123317 Moscow', '+7-495-797-84-83', 'info@salonhifi.ru', 'http://www.salonhifi.ru/', '2020-03-09 12:51:56.368', NULL),
	(_binary 0xD2360393301B484CBD85EEE3E6A17AF4, (SELECT `id` FROM `language` WHERE `locale_id` IN (SELECT `id` FROM `locale` WHERE code = 'en-GB')), 'Audio & Video Expressions', '804 Second Street Pike', 'Southampton PA 18966', '+1-215-354-1500', 'info@audiovideoexpressions.com', 'http://www.audiovideoexpressions.com', '2020-03-09 12:51:56.434', NULL),
	(_binary 0xD2360393301B484CBD85EEE3E6A17AF4, (SELECT `id` FROM `language` WHERE `locale_id` IN (SELECT `id` FROM `locale` WHERE code = 'de-DE')), 'Audio & Video Expressions', '804 Second Street Pike', 'Southampton PA 18966', '+1-215-354-1500', 'info@audiovideoexpressions.com', 'http://www.audiovideoexpressions.com', '2020-03-09 12:51:56.434', NULL),
	(_binary 0xD562099057AD4BCBA133BC1BEC7FBD1D, (SELECT `id` FROM `language` WHERE `locale_id` IN (SELECT `id` FROM `locale` WHERE code = 'en-GB')), 'Music Hall Company', '7 Druzhby Narodov Blv', '01042 Kiev, Ukraine', '+380-44-5319763', '', 'http://www.hi-fi.com.ua', '2020-03-09 12:51:56.055', NULL),
	(_binary 0xD562099057AD4BCBA133BC1BEC7FBD1D, (SELECT `id` FROM `language` WHERE `locale_id` IN (SELECT `id` FROM `locale` WHERE code = 'de-DE')), 'Music Hall Company', '7 Druzhby Narodov Blv', '01042 Kiev, Ukraine', '+380-44-5319763', '', 'http://www.hi-fi.com.ua', '2020-03-09 12:51:56.056', NULL),
	(_binary 0xD749C81447E2488986A6FB8678530642, (SELECT `id` FROM `language` WHERE `locale_id` IN (SELECT `id` FROM `locale` WHERE code = 'en-GB')), 'Arsenal Audio', 'Stolichnoe shosse, 101', 'Kiev', '+38-067-967-37-75', 'arsenalaudio@ukr.net', 'http://www.arsenalaudio.ua ', '2020-03-09 12:51:56.306', NULL),
	(_binary 0xD749C81447E2488986A6FB8678530642, (SELECT `id` FROM `language` WHERE `locale_id` IN (SELECT `id` FROM `locale` WHERE code = 'de-DE')), 'Arsenal Audio', 'Stolichnoe shosse, 101', 'Kiev', '+38-067-967-37-75', 'arsenalaudio@ukr.net', 'http://www.arsenalaudio.ua ', '2020-03-09 12:51:56.307', NULL),
	(_binary 0xD74AAD92C3604D97A9A6E64881A3A5EF, (SELECT `id` FROM `language` WHERE `locale_id` IN (SELECT `id` FROM `locale` WHERE code = 'en-GB')), 'RAE-Akustik GmbH Dortmund', 'Märkische Str. 125', '44141 Dortmund', '+49-0231-8602465', 'martin@rae-akustik.de', 'https://www.rae-akustik.de', '2020-03-09 12:51:56.086', NULL),
	(_binary 0xD74AAD92C3604D97A9A6E64881A3A5EF, (SELECT `id` FROM `language` WHERE `locale_id` IN (SELECT `id` FROM `locale` WHERE code = 'de-DE')), 'RAE-Akustik GmbH Dortmund', 'Märkische Str. 125', '44141 Dortmund', '+49-0231-8602465', 'martin@rae-akustik.de', 'https://www.rae-akustik.de', '2020-03-09 12:51:56.087', NULL),
	(_binary 0xD758635C156244E19FB0803205305B8F, (SELECT `id` FROM `language` WHERE `locale_id` IN (SELECT `id` FROM `locale` WHERE code = 'en-GB')), 'High Fidelity Studio', 'Dominikanergasse 7', '86150 Augsburg', '+49-821-37250', 'high-fidelity-studio@t-online.de', 'http://www.high-fidelity-studio.de', '2020-03-09 12:51:55.720', NULL),
	(_binary 0xD758635C156244E19FB0803205305B8F, (SELECT `id` FROM `language` WHERE `locale_id` IN (SELECT `id` FROM `locale` WHERE code = 'de-DE')), 'High Fidelity Studio', 'Dominikanergasse 7', '86150 Augsburg', '+49-821-37250', 'high-fidelity-studio@t-online.de', 'http://www.high-fidelity-studio.de', '2020-03-09 12:51:55.720', NULL),
	(_binary 0xD843E16615EE44F9ACF0A278EDEFF548, (SELECT `id` FROM `language` WHERE `locale_id` IN (SELECT `id` FROM `locale` WHERE code = 'en-GB')), 'MT HiFi Tonstudio', 'Q4,12-16', '68161 Mannheim', '0621 101353', 'info@mt-hifi.de', 'http://www.mt-hifi.de', '2020-03-09 12:51:56.172', NULL),
	(_binary 0xD843E16615EE44F9ACF0A278EDEFF548, (SELECT `id` FROM `language` WHERE `locale_id` IN (SELECT `id` FROM `locale` WHERE code = 'de-DE')), 'MT HiFi Tonstudio', 'Q4,12-16', '68161 Mannheim', '0621 101353', 'info@mt-hifi.de', 'http://www.mt-hifi.de', '2020-03-09 12:51:56.173', NULL),
	(_binary 0xD98B5908105F43509BE1AF73C1B08A73, (SELECT `id` FROM `language` WHERE `locale_id` IN (SELECT `id` FROM `locale` WHERE code = 'en-GB')), 'Alex Giese GmbH', 'Theaterstraße 14', '30159 Hannover', '+49-511-35399737', 'info@alexgiese.de', 'http://www.alexgiese.de', '2020-03-09 12:51:55.611', NULL),
	(_binary 0xD98B5908105F43509BE1AF73C1B08A73, (SELECT `id` FROM `language` WHERE `locale_id` IN (SELECT `id` FROM `locale` WHERE code = 'de-DE')), 'Alex Giese GmbH', 'Theaterstraße 14', '30159 Hannover', '+49-511-35399737', 'info@alexgiese.de', 'http://www.alexgiese.de', '2020-03-09 12:51:55.612', NULL),
	(_binary 0xDA73F5FD7C62412A8C0284D43D44C2BE, (SELECT `id` FROM `language` WHERE `locale_id` IN (SELECT `id` FROM `locale` WHERE code = 'en-GB')), 'Hi-Fi Reference', 'ul. Waliców 20', 'Warszawa', '+48-22-624-6-48', 'sklep@hifireference.pl', 'http://www.hifireference.pl ', '2020-03-09 12:51:56.345', NULL),
	(_binary 0xDA73F5FD7C62412A8C0284D43D44C2BE, (SELECT `id` FROM `language` WHERE `locale_id` IN (SELECT `id` FROM `locale` WHERE code = 'de-DE')), 'Hi-Fi Reference', 'ul. Waliców 20', 'Warszawa', '+48-22-624-6-48', 'sklep@hifireference.pl', 'http://www.hifireference.pl ', '2020-03-09 12:51:56.346', NULL),
	(_binary 0xDB4696AE73F04477A383F8412803F647, (SELECT `id` FROM `language` WHERE `locale_id` IN (SELECT `id` FROM `locale` WHERE code = 'en-GB')), 'TOP AUDIO Inc.', '2F., No.57, Sec. 1, Dunhua S. Rd., Songshan Dist.,', 'TW, Taipei City 105', '+886-2-27929778', 'topaudio2009@gmail.com', 'http://www.topaudio.tw', '2020-03-09 12:51:56.008', NULL),
	(_binary 0xDB4696AE73F04477A383F8412803F647, (SELECT `id` FROM `language` WHERE `locale_id` IN (SELECT `id` FROM `locale` WHERE code = 'de-DE')), 'TOP AUDIO Inc.', '2F., No.57, Sec. 1, Dunhua S. Rd., Songshan Dist.,', 'TW, Taipei City 105', '+886-2-27929778', 'topaudio2009@gmail.com', 'http://www.topaudio.tw', '2020-03-09 12:51:56.008', NULL),
	(_binary 0xDBA8712D24964FDEBD7CAA973F9C5604, (SELECT `id` FROM `language` WHERE `locale_id` IN (SELECT `id` FROM `locale` WHERE code = 'en-GB')), 'Smart House "Умный дом"', 'Malaya Arnautskay Str, 46', 'Odessa', '+38-048-777-16-73', 'audiozona@ukr.net', 'http://www.kinosound.od.ua ', '2020-03-09 12:51:56.334', NULL),
	(_binary 0xDBA8712D24964FDEBD7CAA973F9C5604, (SELECT `id` FROM `language` WHERE `locale_id` IN (SELECT `id` FROM `locale` WHERE code = 'de-DE')), 'Smart House "Умный дом"', 'Malaya Arnautskay Str, 46', 'Odessa', '+38-048-777-16-73', 'audiozona@ukr.net', 'http://www.kinosound.od.ua ', '2020-03-09 12:51:56.335', NULL),
	(_binary 0xDBBC27F8BF3F4FDDA799E70D6420344A, (SELECT `id` FROM `language` WHERE `locale_id` IN (SELECT `id` FROM `locale` WHERE code = 'en-GB')), 'Lyre Audio Orfeas Thessalonikis', '73 Voulgari Street', 'Thessaloniki 542 49', '+30-2310-818-352', 'info@orpheusaudio.gr', 'http://www.lyreaudio.gr', '2020-03-09 12:51:56.198', NULL),
	(_binary 0xDBBC27F8BF3F4FDDA799E70D6420344A, (SELECT `id` FROM `language` WHERE `locale_id` IN (SELECT `id` FROM `locale` WHERE code = 'de-DE')), 'Lyre Audio Orfeas Thessalonikis', '73 Voulgari Street', 'Thessaloniki 542 49', '+30-2310-818-352', 'info@orpheusaudio.gr', 'http://www.lyreaudio.gr', '2020-03-09 12:51:56.198', NULL),
	(_binary 0xDBF9154A2F434A21BF2923430DFB480D, (SELECT `id` FROM `language` WHERE `locale_id` IN (SELECT `id` FROM `locale` WHERE code = 'en-GB')), 'HiFi & High End Madlener', 'Hauptstraße 26', ' 6840 Götzis', '+43-664-3386575', 'office@hifi-madlener.at', 'http://www.hifi-madlener.at', '2020-03-09 12:51:56.091', NULL),
	(_binary 0xDBF9154A2F434A21BF2923430DFB480D, (SELECT `id` FROM `language` WHERE `locale_id` IN (SELECT `id` FROM `locale` WHERE code = 'de-DE')), 'HiFi & High End Madlener', 'Hauptstraße 26', ' 6840 Götzis', '+43-664-3386575', 'office@hifi-madlener.at', 'http://www.hifi-madlener.at', '2020-03-09 12:51:56.091', NULL),
	(_binary 0xDC77BD6B88BB48A6940D677748616701, (SELECT `id` FROM `language` WHERE `locale_id` IN (SELECT `id` FROM `locale` WHERE code = 'en-GB')), 'home entertainment concept store', 'Ottostraße 3', '80333 München', '+49-89-20186691', 'info@hecstore.de', 'http://www.hecstore.de', '2020-03-09 12:51:55.698', NULL),
	(_binary 0xDC77BD6B88BB48A6940D677748616701, (SELECT `id` FROM `language` WHERE `locale_id` IN (SELECT `id` FROM `locale` WHERE code = 'de-DE')), 'home entertainment concept store', 'Ottostraße 3', '80333 München', '+49-89-20186691', 'info@hecstore.de', 'http://www.hecstore.de', '2020-03-09 12:51:55.699', NULL),
	(_binary 0xDC8EEC6D392D4E3196546165A3C67D11, (SELECT `id` FROM `language` WHERE `locale_id` IN (SELECT `id` FROM `locale` WHERE code = 'en-GB')), 'Sound Design', 'Zwetteweg 16', 'NL 8432 PB Haule', '+31-516-577236', 'info@sounddesign.nl', 'http://www.sounddesign.nl', '2020-03-09 12:51:55.938', NULL),
	(_binary 0xDC8EEC6D392D4E3196546165A3C67D11, (SELECT `id` FROM `language` WHERE `locale_id` IN (SELECT `id` FROM `locale` WHERE code = 'de-DE')), 'Sound Design', 'Zwetteweg 16', 'NL 8432 PB Haule', '+31-516-577236', 'info@sounddesign.nl', 'http://www.sounddesign.nl', '2020-03-09 12:51:55.939', NULL),
	(_binary 0xDEDC3926570148A89B7DF159CF3B766C, (SELECT `id` FROM `language` WHERE `locale_id` IN (SELECT `id` FROM `locale` WHERE code = 'en-GB')), 'DI Corporation', 'Building 2F, 703, Nonhyeon-ro, Gangnam-gu', '06046 Seoul', '+82-2-512-4091', 'wssong@di.co.kr', 'http://www.ode-audio.com', '2020-03-09 12:51:56.069', NULL),
	(_binary 0xDEDC3926570148A89B7DF159CF3B766C, (SELECT `id` FROM `language` WHERE `locale_id` IN (SELECT `id` FROM `locale` WHERE code = 'de-DE')), 'DI Corporation', 'Building 2F, 703, Nonhyeon-ro, Gangnam-gu', '06046 Seoul', '+82-2-512-4091', 'wssong@di.co.kr', 'http://www.ode-audio.com', '2020-03-09 12:51:56.070', NULL),
	(_binary 0xE3FD41402EEC4C81919125C6C427CE9B, (SELECT `id` FROM `language` WHERE `locale_id` IN (SELECT `id` FROM `locale` WHERE code = 'en-GB')), 'Brooks Berdan Ltd', '110 West Olive Ave', 'Monrovia CA 91016', '+1-626-359-9131', 'info@brooksberdanltd.com', 'http://www.brooksberdanltd.com', '2020-03-09 12:51:56.489', NULL),
	(_binary 0xE3FD41402EEC4C81919125C6C427CE9B, (SELECT `id` FROM `language` WHERE `locale_id` IN (SELECT `id` FROM `locale` WHERE code = 'de-DE')), 'Brooks Berdan Ltd', '110 West Olive Ave', 'Monrovia CA 91016', '+1-626-359-9131', 'info@brooksberdanltd.com', 'http://www.brooksberdanltd.com', '2020-03-09 12:51:56.490', NULL),
	(_binary 0xE6D4D7483B734436968DB7E4FF10B0C0, (SELECT `id` FROM `language` WHERE `locale_id` IN (SELECT `id` FROM `locale` WHERE code = 'en-GB')), 'AV One (S) Pte Ltd', '1 Coleman Street #01-01, #01-21 & #01-10, The Adelphi', 'Singapore 179803', '+65 96868030', 'karlung@av1group.com.sg', 'http://www.av1group.com.sg/stores.html', '2020-03-09 12:51:55.991', NULL),
	(_binary 0xE6D4D7483B734436968DB7E4FF10B0C0, (SELECT `id` FROM `language` WHERE `locale_id` IN (SELECT `id` FROM `locale` WHERE code = 'de-DE')), 'AV One (S) Pte Ltd', '1 Coleman Street #01-01, #01-21 & #01-10, The Adelphi', 'Singapore 179803', '+65 96868030', 'karlung@av1group.com.sg', 'http://www.av1group.com.sg/stores.html', '2020-03-09 12:51:55.991', NULL),
	(_binary 0xE8DA29BD908D43918323748EF89E2920, (SELECT `id` FROM `language` WHERE `locale_id` IN (SELECT `id` FROM `locale` WHERE code = 'en-GB')), 'HIFI-PROFIS Musik im Raum', 'Rheinstraße 29', '65183 Wiesbaden', '+49-611-97453510', 's.lang@hifi-profis.de', 'http://wiesbaden.musikimraum.de', '2020-03-09 12:51:55.675', NULL),
	(_binary 0xE8DA29BD908D43918323748EF89E2920, (SELECT `id` FROM `language` WHERE `locale_id` IN (SELECT `id` FROM `locale` WHERE code = 'de-DE')), 'HIFI-PROFIS Musik im Raum', 'Rheinstraße 29', '65183 Wiesbaden', '+49-611-97453510', 's.lang@hifi-profis.de', 'http://wiesbaden.musikimraum.de', '2020-03-09 12:51:55.675', NULL),
	(_binary 0xEA67EE7758E04FBCAB0941CCB39AD887, (SELECT `id` FROM `language` WHERE `locale_id` IN (SELECT `id` FROM `locale` WHERE code = 'en-GB')), 'Maison de la Musique Comercercio e Import LTDA', 'Av. Engenheiro Roberto Zuccolo 555, sala B1 and B2', 'Sao Paulo', '+55-11-95222-7096', 'contato@maisondelamusique.com.br', 'http://www.maisondelamusique.com.br/', '2020-03-09 12:51:55.822', NULL),
	(_binary 0xEA67EE7758E04FBCAB0941CCB39AD887, (SELECT `id` FROM `language` WHERE `locale_id` IN (SELECT `id` FROM `locale` WHERE code = 'de-DE')), 'Maison de la Musique Comercercio e Import LTDA', 'Av. Engenheiro Roberto Zuccolo 555, sala B1 and B2', 'Sao Paulo', '+55-11-95222-7096', 'contato@maisondelamusique.com.br', 'http://www.maisondelamusique.com.br/', '2020-03-09 12:51:55.822', NULL),
	(_binary 0xEA7F785C85A44076A7D62CF44A244862, (SELECT `id` FROM `language` WHERE `locale_id` IN (SELECT `id` FROM `locale` WHERE code = 'en-GB')), 'life like', 'Oberföhringer Straße 107b', '81925 München', '+49-89-9577113', 'info@life-like.de', 'http://www.life-like.de', '2020-03-09 12:51:55.712', NULL),
	(_binary 0xEA7F785C85A44076A7D62CF44A244862, (SELECT `id` FROM `language` WHERE `locale_id` IN (SELECT `id` FROM `locale` WHERE code = 'de-DE')), 'life like', 'Oberföhringer Straße 107b', '81925 München', '+49-89-9577113', 'info@life-like.de', 'http://www.life-like.de', '2020-03-09 12:51:55.712', NULL),
	(_binary 0xEB0B24CB961843DFBFFF7DE3FD48243C, (SELECT `id` FROM `language` WHERE `locale_id` IN (SELECT `id` FROM `locale` WHERE code = 'en-GB')), 'Detlef Coldewey GmbH', 'Burgstraße 6', '26655 Westerstede', '+49-4488-83840', 'odeeken@coldewey.de', 'http://www.coldewey.de', '2020-03-09 12:51:55.567', NULL),
	(_binary 0xEB0B24CB961843DFBFFF7DE3FD48243C, (SELECT `id` FROM `language` WHERE `locale_id` IN (SELECT `id` FROM `locale` WHERE code = 'de-DE')), 'Detlef Coldewey GmbH', 'Burgstraße 6', '26655 Westerstede', '+49-4488-83840', 'odeeken@coldewey.de', 'http://www.coldewey.de', '2020-03-09 12:51:55.567', NULL),
	(_binary 0xEB31359CBFBF4663A2EB7EE54758D355, (SELECT `id` FROM `language` WHERE `locale_id` IN (SELECT `id` FROM `locale` WHERE code = 'en-GB')), 'Prime Trade Partners', 'Sukhbaatar district, 11th Khoroo', 'Shine City #111, Ulaanbaatar', '+976-8033-1100', 'info@ptp.mn', '', '2020-03-09 12:51:56.499', NULL),
	(_binary 0xEB31359CBFBF4663A2EB7EE54758D355, (SELECT `id` FROM `language` WHERE `locale_id` IN (SELECT `id` FROM `locale` WHERE code = 'de-DE')), 'Prime Trade Partners', 'Sukhbaatar district, 11th Khoroo', 'Shine City #111, Ulaanbaatar', '+976-8033-1100', 'info@ptp.mn', '', '2020-03-09 12:51:56.499', NULL),
	(_binary 0xEB75E4B0CF304C4A890F631A9455D3DD, (SELECT `id` FROM `language` WHERE `locale_id` IN (SELECT `id` FROM `locale` WHERE code = 'en-GB')), 'DOGK design/objektgestaltung/kunst', 'Asamstraße 5', '92318 Neumarkt', '+49-9181-254390', 'susann.ebert@dogk.de', 'http://www.dogk.de/index.html', '2020-03-09 12:51:55.735', NULL),
	(_binary 0xEB75E4B0CF304C4A890F631A9455D3DD, (SELECT `id` FROM `language` WHERE `locale_id` IN (SELECT `id` FROM `locale` WHERE code = 'de-DE')), 'DOGK design/objektgestaltung/kunst', 'Asamstraße 5', '92318 Neumarkt', '+49-9181-254390', 'susann.ebert@dogk.de', 'http://www.dogk.de/index.html', '2020-03-09 12:51:55.736', NULL),
	(_binary 0xECB28184922541BEBEA3DFB64032F71F, (SELECT `id` FROM `language` WHERE `locale_id` IN (SELECT `id` FROM `locale` WHERE code = 'en-GB')), 'Bekker', 'Stetsenko Str, 33 A', 'Kiev', '+38-044-337-27-67', 'be@bekker.ua', 'http://www.av-cables.ua ', '2020-03-09 12:51:56.292', NULL),
	(_binary 0xECB28184922541BEBEA3DFB64032F71F, (SELECT `id` FROM `language` WHERE `locale_id` IN (SELECT `id` FROM `locale` WHERE code = 'de-DE')), 'Bekker', 'Stetsenko Str, 33 A', 'Kiev', '+38-044-337-27-67', 'be@bekker.ua', 'http://www.av-cables.ua ', '2020-03-09 12:51:56.292', NULL),
	(_binary 0xECFF846049DC4094AB3B14E994CB793A, (SELECT `id` FROM `language` WHERE `locale_id` IN (SELECT `id` FROM `locale` WHERE code = 'en-GB')), 'Burmester India Pvt. Ltd.', '111/3, Marol Co-op. Indl Estate Off Sir. M.V. Road, Andheri East', '400059 Mumbai', '+91-22-285-022-87', 'sales@leviathan.co.in', 'http://leviathan.co.in/default.asp', '2020-03-09 12:51:56.394', NULL),
	(_binary 0xECFF846049DC4094AB3B14E994CB793A, (SELECT `id` FROM `language` WHERE `locale_id` IN (SELECT `id` FROM `locale` WHERE code = 'de-DE')), 'Burmester India Pvt. Ltd.', '111/3, Marol Co-op. Indl Estate Off Sir. M.V. Road, Andheri East', '400059 Mumbai', '+91-22-285-022-87', 'sales@leviathan.co.in', 'http://leviathan.co.in/default.asp', '2020-03-09 12:51:56.395', NULL),
	(_binary 0xEEC192AEABBE4561904BF5E2FE034643, (SELECT `id` FROM `language` WHERE `locale_id` IN (SELECT `id` FROM `locale` WHERE code = 'en-GB')), 'art music', 'Hashunit St NR. 57', 'Beit Herut', '+972-4-6231819', 'artmusic@bezequint.net', '', '2020-03-09 12:51:55.893', NULL),
	(_binary 0xEEC192AEABBE4561904BF5E2FE034643, (SELECT `id` FROM `language` WHERE `locale_id` IN (SELECT `id` FROM `locale` WHERE code = 'de-DE')), 'art music', 'Hashunit St NR. 57', 'Beit Herut', '+972-4-6231819', 'artmusic@bezequint.net', '', '2020-03-09 12:51:55.893', NULL),
	(_binary 0xF1F5638DCBB14019A75DAAF15E6FA6BD, (SELECT `id` FROM `language` WHERE `locale_id` IN (SELECT `id` FROM `locale` WHERE code = 'en-GB')), 'Hoang Hai Audio', '23D Hai Ba Trung', 'Hoan Kiem District, Hanoi', '+84-91-322-5494', '', 'http://www.audiohoanghai.com', '2020-03-09 12:51:56.274', NULL),
	(_binary 0xF1F5638DCBB14019A75DAAF15E6FA6BD, (SELECT `id` FROM `language` WHERE `locale_id` IN (SELECT `id` FROM `locale` WHERE code = 'de-DE')), 'Hoang Hai Audio', '23D Hai Ba Trung', 'Hoan Kiem District, Hanoi', '+84-91-322-5494', '', 'http://www.audiohoanghai.com', '2020-03-09 12:51:56.274', NULL),
	(_binary 0xF3F3D423E3E94F558F080AA94A4A659E, (SELECT `id` FROM `language` WHERE `locale_id` IN (SELECT `id` FROM `locale` WHERE code = 'en-GB')), 'AudioART ', '615 Boston Post Rd.', 'Sudbury MA 01776', '+1-978-579-4907', 'daves@audioartne.com', 'http://www.audioartne.com', '2020-03-09 12:51:56.443', NULL),
	(_binary 0xF3F3D423E3E94F558F080AA94A4A659E, (SELECT `id` FROM `language` WHERE `locale_id` IN (SELECT `id` FROM `locale` WHERE code = 'de-DE')), 'AudioART ', '615 Boston Post Rd.', 'Sudbury MA 01776', '+1-978-579-4907', 'daves@audioartne.com', 'http://www.audioartne.com', '2020-03-09 12:51:56.443', NULL),
	(_binary 0xF456BB9A9B444521A726F947D148DBE2, (SELECT `id` FROM `language` WHERE `locale_id` IN (SELECT `id` FROM `locale` WHERE code = 'en-GB')), 'Sretenovic Audio', 'Visnjiceva 17', '11000 Belgrade', '+381-63-360123', 'info@sretenovicaudio.com', 'http://sretenovicaudio.com/en/home', '2020-03-09 12:51:55.986', NULL),
	(_binary 0xF456BB9A9B444521A726F947D148DBE2, (SELECT `id` FROM `language` WHERE `locale_id` IN (SELECT `id` FROM `locale` WHERE code = 'de-DE')), 'Sretenovic Audio', 'Visnjiceva 17', '11000 Belgrade', '+381-63-360123', 'info@sretenovicaudio.com', 'http://sretenovicaudio.com/en/home', '2020-03-09 12:51:55.987', NULL),
	(_binary 0xF4AD4114A5444346BBF595A7A6E5779B, (SELECT `id` FROM `language` WHERE `locale_id` IN (SELECT `id` FROM `locale` WHERE code = 'en-GB')), 'Rutherford Audio Inc.', '14 Inverness Drive East, G108, Englewood', 'CO 80112', '+1-303-872-6285 ', 'info@rutherfordaudio.com', 'http://www.rutherfordaudio.com/', '2020-03-09 12:51:56.181', NULL),
	(_binary 0xF4AD4114A5444346BBF595A7A6E5779B, (SELECT `id` FROM `language` WHERE `locale_id` IN (SELECT `id` FROM `locale` WHERE code = 'de-DE')), 'Rutherford Audio Inc.', '14 Inverness Drive East, G108, Englewood', 'CO 80112', '+1-303-872-6285 ', 'info@rutherfordaudio.com', 'http://www.rutherfordaudio.com/', '2020-03-09 12:51:56.181', NULL),
	(_binary 0xF586A28C34024B0BA3314093097E6A4B, (SELECT `id` FROM `language` WHERE `locale_id` IN (SELECT `id` FROM `locale` WHERE code = 'en-GB')), 'Hificonsult Örebro (Distributor & Dealer)', 'Sancta Birgittagatan 5', '702 14 Örebro', '+46-1912-1522', 'hificonsult@mac.com', 'http://www.hificonsult.se', '2020-03-09 12:51:56.163', NULL),
	(_binary 0xF586A28C34024B0BA3314093097E6A4B, (SELECT `id` FROM `language` WHERE `locale_id` IN (SELECT `id` FROM `locale` WHERE code = 'de-DE')), 'Hificonsult Örebro (Distributor & Dealer)', 'Sancta Birgittagatan 5', '702 14 Örebro', '+46-1912-1522', 'hificonsult@mac.com', 'http://www.hificonsult.se', '2020-03-09 12:51:56.164', NULL),
	(_binary 0xF87948C3645D4120A4D1CC492FDF6D22, (SELECT `id` FROM `language` WHERE `locale_id` IN (SELECT `id` FROM `locale` WHERE code = 'en-GB')), 'HIFIplay', 'Perleberger Straße 8', '10559 Berlin', '+49-30-3953022', 'info@hifiplay.de', 'http://www.hifiplay.de', '2020-03-09 12:51:55.578', NULL),
	(_binary 0xF87948C3645D4120A4D1CC492FDF6D22, (SELECT `id` FROM `language` WHERE `locale_id` IN (SELECT `id` FROM `locale` WHERE code = 'de-DE')), 'HIFIplay', 'Perleberger Straße 8', '10559 Berlin', '+49-30-3953022', 'info@hifiplay.de', 'http://www.hifiplay.de', '2020-03-09 12:51:55.578', NULL),
	(_binary 0xF99F463A950D478F92D566A07118FA33, (SELECT `id` FROM `language` WHERE `locale_id` IN (SELECT `id` FROM `locale` WHERE code = 'en-GB')), 'Music Hall', 'Druzhby Narodov Blvd, 7', 'Kiev', '+38-044-531-97-63', 'music@hi-fi.com.ua', 'http://www.music-hall.com.ua ', '2020-03-09 12:51:56.282', NULL),
	(_binary 0xF99F463A950D478F92D566A07118FA33, (SELECT `id` FROM `language` WHERE `locale_id` IN (SELECT `id` FROM `locale` WHERE code = 'de-DE')), 'Music Hall', 'Druzhby Narodov Blvd, 7', 'Kiev', '+38-044-531-97-63', 'music@hi-fi.com.ua', 'http://www.music-hall.com.ua ', '2020-03-09 12:51:56.283', NULL),
	(_binary 0xFB35C4AD002F4E0D8C74E2F8E03423E1, (SELECT `id` FROM `language` WHERE `locale_id` IN (SELECT `id` FROM `locale` WHERE code = 'en-GB')), 'Malmö Hificenter', 'Östra Tullgatan 1 ', '211 28 Malmö', '+46-40-230072', 'malmo@hificenter.se', 'http://hificenter.se/', '2020-03-09 12:51:56.141', NULL),
	(_binary 0xFB35C4AD002F4E0D8C74E2F8E03423E1, (SELECT `id` FROM `language` WHERE `locale_id` IN (SELECT `id` FROM `locale` WHERE code = 'de-DE')), 'Malmö Hificenter', 'Östra Tullgatan 1 ', '211 28 Malmö', '+46-40-230072', 'malmo@hificenter.se', 'http://hificenter.se/', '2020-03-09 12:51:56.142', NULL),
	(_binary 0xFC012E4BF06C46F3B52CC9F20D0D5825, (SELECT `id` FROM `language` WHERE `locale_id` IN (SELECT `id` FROM `locale` WHERE code = 'en-GB')), 'Audio-Box', 'Hauptstraße 87', '77855 Achern', '+49-7841-669688', 'info@audio-box.de', 'http://www.audio-box.de', '2020-03-09 12:51:55.689', NULL),
	(_binary 0xFC012E4BF06C46F3B52CC9F20D0D5825, (SELECT `id` FROM `language` WHERE `locale_id` IN (SELECT `id` FROM `locale` WHERE code = 'de-DE')), 'Audio-Box', 'Hauptstraße 87', '77855 Achern', '+49-7841-669688', 'info@audio-box.de', 'http://www.audio-box.de', '2020-03-09 12:51:55.690', NULL),
	(_binary 0xFC1E70AE3D0749B1BD1B52194D4E2E75, (SELECT `id` FROM `language` WHERE `locale_id` IN (SELECT `id` FROM `locale` WHERE code = 'en-GB')), 'Audio System', 'ul. Henryka Brodatego 3', '02-496 Warszawa', '+48-22-6624599', 'studio@audiosystem.com.pl', 'http://www.audiosystem.com.pl', '2020-03-09 12:51:55.959', NULL),
	(_binary 0xFC1E70AE3D0749B1BD1B52194D4E2E75, (SELECT `id` FROM `language` WHERE `locale_id` IN (SELECT `id` FROM `locale` WHERE code = 'de-DE')), 'Audio System', 'ul. Henryka Brodatego 3', '02-496 Warszawa', '+48-22-6624599', 'studio@audiosystem.com.pl', 'http://www.audiosystem.com.pl', '2020-03-09 12:51:55.960', NULL),
	(_binary 0xFF48BB56A0D64A369D5C2156F3BABB27, (SELECT `id` FROM `language` WHERE `locale_id` IN (SELECT `id` FROM `locale` WHERE code = 'en-GB')), 'Orpheus Audio - Haus Musik', '2Γ Kolokotroni str.', 'N. Irakleio Attiki 141 21', '+30-210-2848893', 'info@orpheusaudio-hausmusik.gr', 'http://www.orpheusaudio.gr', '2020-03-09 12:51:56.219', NULL),
	(_binary 0xFF48BB56A0D64A369D5C2156F3BABB27, (SELECT `id` FROM `language` WHERE `locale_id` IN (SELECT `id` FROM `locale` WHERE code = 'de-DE')), 'Orpheus Audio - Haus Musik', '2Γ Kolokotroni str.', 'N. Irakleio Attiki 141 21', '+30-210-2848893', 'info@orpheusaudio-hausmusik.gr', 'http://www.orpheusaudio.gr', '2020-03-09 12:51:56.220', NULL);
/*!40000 ALTER TABLE `udg_storefinder_translation` ENABLE KEYS */;

/*!40101 SET SQL_MODE=IFNULL(@OLD_SQL_MODE, '') */;
/*!40014 SET FOREIGN_KEY_CHECKS=IF(@OLD_FOREIGN_KEY_CHECKS IS NULL, 1, @OLD_FOREIGN_KEY_CHECKS) */;
/*!40101 SET CHARACTER_SET_CLIENT=@OLD_CHARACTER_SET_CLIENT */;
